-- phpMyAdmin SQL Dump
-- version 5.2.0
-- https://www.phpmyadmin.net/
--
-- Хост: 127.0.0.1
-- Время создания: Мар 16 2023 г., 15:47
-- Версия сервера: 10.4.27-MariaDB
-- Версия PHP: 8.2.0

SET SQL_MODE = "NO_AUTO_VALUE_ON_ZERO";
START TRANSACTION;
SET time_zone = "+00:00";


/*!40101 SET @OLD_CHARACTER_SET_CLIENT=@@CHARACTER_SET_CLIENT */;
/*!40101 SET @OLD_CHARACTER_SET_RESULTS=@@CHARACTER_SET_RESULTS */;
/*!40101 SET @OLD_COLLATION_CONNECTION=@@COLLATION_CONNECTION */;
/*!40101 SET NAMES utf8mb4 */;

--
-- База данных: `whitewill`
--

-- --------------------------------------------------------

--
-- Структура таблицы `failed_jobs`
--

CREATE TABLE `failed_jobs` (
  `id` bigint(20) UNSIGNED NOT NULL,
  `uuid` varchar(255) NOT NULL,
  `connection` text NOT NULL,
  `queue` text NOT NULL,
  `payload` longtext NOT NULL,
  `exception` longtext NOT NULL,
  `failed_at` timestamp NOT NULL DEFAULT current_timestamp()
) ENGINE=InnoDB DEFAULT CHARSET=utf8mb4 COLLATE=utf8mb4_unicode_ci;

-- --------------------------------------------------------

--
-- Структура таблицы `migrations`
--

CREATE TABLE `migrations` (
  `id` int(10) UNSIGNED NOT NULL,
  `migration` varchar(255) NOT NULL,
  `batch` int(11) NOT NULL
) ENGINE=InnoDB DEFAULT CHARSET=utf8mb4 COLLATE=utf8mb4_unicode_ci;

--
-- Дамп данных таблицы `migrations`
--

INSERT INTO `migrations` (`id`, `migration`, `batch`) VALUES
(1, '2014_10_12_000000_create_users_table', 1),
(2, '2014_10_12_100000_create_password_reset_tokens_table', 1),
(3, '2019_08_19_000000_create_failed_jobs_table', 1),
(4, '2019_12_14_000001_create_personal_access_tokens_table', 1),
(5, '2023_03_16_102120_create_posts_table', 1),
(6, '2023_03_16_104724_create_post_ext_attributes_table', 1);

-- --------------------------------------------------------

--
-- Структура таблицы `password_reset_tokens`
--

CREATE TABLE `password_reset_tokens` (
  `email` varchar(255) NOT NULL,
  `token` varchar(255) NOT NULL,
  `created_at` timestamp NULL DEFAULT NULL
) ENGINE=InnoDB DEFAULT CHARSET=utf8mb4 COLLATE=utf8mb4_unicode_ci;

-- --------------------------------------------------------

--
-- Структура таблицы `personal_access_tokens`
--

CREATE TABLE `personal_access_tokens` (
  `id` bigint(20) UNSIGNED NOT NULL,
  `tokenable_type` varchar(255) NOT NULL,
  `tokenable_id` bigint(20) UNSIGNED NOT NULL,
  `name` varchar(255) NOT NULL,
  `token` varchar(64) NOT NULL,
  `abilities` text DEFAULT NULL,
  `last_used_at` timestamp NULL DEFAULT NULL,
  `expires_at` timestamp NULL DEFAULT NULL,
  `created_at` timestamp NULL DEFAULT NULL,
  `updated_at` timestamp NULL DEFAULT NULL
) ENGINE=InnoDB DEFAULT CHARSET=utf8mb4 COLLATE=utf8mb4_unicode_ci;

-- --------------------------------------------------------

--
-- Структура таблицы `posts`
--

CREATE TABLE `posts` (
  `id` bigint(20) UNSIGNED NOT NULL,
  `title` varchar(50) NOT NULL,
  `content` text NOT NULL,
  `created_at` timestamp NULL DEFAULT NULL,
  `updated_at` timestamp NULL DEFAULT NULL
) ENGINE=InnoDB DEFAULT CHARSET=utf8mb4 COLLATE=utf8mb4_unicode_ci;

--
-- Дамп данных таблицы `posts`
--

INSERT INTO `posts` (`id`, `title`, `content`, `created_at`, `updated_at`) VALUES
(1, 'Прошел запуск обновленной нейросети MidJourney V5', '16 марта прошел запуск следующей версии известной нейросети Midjourney. Стало известно, что нейросеть получила наименование MidJourney V5 и уже открыта для испытания. Создатели нейросети сообщили, что MidJourney V5 обладает «гораздо более высоким качеством картинки, более разнообразными выходными данными, широким стилистическим диапазоном и поддерживает бесшовные текстуры».\r\n\r\nMidJourney V5 будет предлагать юзерам два изображения во время предварительной стадии, после чего требуется выбрать одно из них, определить понравившийся стиль и двигаться дальше. Создатели хорошо поработали над генерацией лица, глаз, пальцев и остальных конечностей, что было проблемой в остальных версиях нейросети.\r\n\r\nРанее pepelac.news писал, что Индия подготовила новые правила к мобильникам иностранного производства.', '2023-03-16 11:19:02', '2023-03-16 11:19:02'),
(2, 'Прошел запуск обновленной нейросети MidJourney V5', '16 марта прошел запуск следующей версии известной нейросети Midjourney. Стало известно, что нейросеть получила наименование MidJourney V5 и уже открыта для испытания. Создатели нейросети сообщили, что MidJourney V5 обладает «гораздо более высоким качеством картинки, более разнообразными выходными данными, широким стилистическим диапазоном и поддерживает бесшовные текстуры».\r\n', '2023-03-16 11:19:02', '2023-03-16 11:19:02'),
(3, 'Прошел запуск обновленной нейросети MidJourney V5', '16 марта прошел запуск следующей версии известной нейросети Midjourney. Стало известно, что нейросеть получила наименование MidJourney V5 и уже открыта для испытания. Создатели нейросети сообщили, что MidJourney V5 обладает «гораздо более высоким качеством картинки, более разнообразными выходными данными, широким стилистическим диапазоном и поддерживает бесшовные текстуры».\r\n\r\nMidJourney V5 будет предлагать юзерам два изображения во время предварительной стадии, после чего требуется выбрать одно из них, определить понравившийся стиль и двигаться дальше. Создатели хорошо поработали над генерацией лица, глаз, пальцев и остальных конечностей, что было проблемой в остальных версиях нейросети.\r\n\r\nРанее pepelac.news писал, что Индия подготовила новые правила к мобильникам иностранного производства.', '2023-03-16 11:19:02', '2023-03-16 11:19:02'),
(4, 'Прошел запуск обновленной нейросети MidJourney V5', '16 марта прошел запуск следующей версии известной нейросети Midjourney. Стало известно, что нейросеть получила наименование MidJourney V5 и уже открыта для испытания. Создатели нейросети сообщили, что MidJourney V5 обладает «гораздо более высоким качеством картинки, более разнообразными выходными данными, широким стилистическим диапазоном и поддерживает бесшовные текстуры».\r\n', '2023-03-16 11:19:02', '2023-03-16 11:19:02'),
(5, 'Прошел запуск обновленной нейросети MidJourney V5', '16 марта прошел запуск следующей версии известной нейросети Midjourney. Стало известно, что нейросеть получила наименование MidJourney V5 и уже открыта для испытания. Создатели нейросети сообщили, что MidJourney V5 обладает «гораздо более высоким качеством картинки, более разнообразными выходными данными, широким стилистическим диапазоном и поддерживает бесшовные текстуры».\r\n\r\nMidJourney V5 будет предлагать юзерам два изображения во время предварительной стадии, после чего требуется выбрать одно из них, определить понравившийся стиль и двигаться дальше. Создатели хорошо поработали над генерацией лица, глаз, пальцев и остальных конечностей, что было проблемой в остальных версиях нейросети.\r\n\r\nРанее pepelac.news писал, что Индия подготовила новые правила к мобильникам иностранного производства.', '2023-03-16 11:19:02', '2023-03-16 11:19:02'),
(6, 'Прошел запуск обновленной нейросети MidJourney V5', '16 марта прошел запуск следующей версии известной нейросети Midjourney. Стало известно, что нейросеть получила наименование MidJourney V5 и уже открыта для испытания. Создатели нейросети сообщили, что MidJourney V5 обладает «гораздо более высоким качеством картинки, более разнообразными выходными данными, широким стилистическим диапазоном и поддерживает бесшовные текстуры».\r\n', '2023-03-16 11:19:02', '2023-03-16 11:19:02'),
(7, 'Прошел запуск обновленной нейросети MidJourney V5', '16 марта прошел запуск следующей версии известной нейросети Midjourney. Стало известно, что нейросеть получила наименование MidJourney V5 и уже открыта для испытания. Создатели нейросети сообщили, что MidJourney V5 обладает «гораздо более высоким качеством картинки, более разнообразными выходными данными, широким стилистическим диапазоном и поддерживает бесшовные текстуры».\r\n\r\nMidJourney V5 будет предлагать юзерам два изображения во время предварительной стадии, после чего требуется выбрать одно из них, определить понравившийся стиль и двигаться дальше. Создатели хорошо поработали над генерацией лица, глаз, пальцев и остальных конечностей, что было проблемой в остальных версиях нейросети.\r\n\r\nРанее pepelac.news писал, что Индия подготовила новые правила к мобильникам иностранного производства.', '2023-03-16 11:19:02', '2023-03-16 11:19:02'),
(8, 'Прошел запуск обновленной нейросети MidJourney V5', '16 марта прошел запуск следующей версии известной нейросети Midjourney. Стало известно, что нейросеть получила наименование MidJourney V5 и уже открыта для испытания. Создатели нейросети сообщили, что MidJourney V5 обладает «гораздо более высоким качеством картинки, более разнообразными выходными данными, широким стилистическим диапазоном и поддерживает бесшовные текстуры».\r\n', '2023-03-16 11:19:02', '2023-03-16 11:19:02'),
(9, 'Прошел запуск обновленной нейросети MidJourney V5', '16 марта прошел запуск следующей версии известной нейросети Midjourney. Стало известно, что нейросеть получила наименование MidJourney V5 и уже открыта для испытания. Создатели нейросети сообщили, что MidJourney V5 обладает «гораздо более высоким качеством картинки, более разнообразными выходными данными, широким стилистическим диапазоном и поддерживает бесшовные текстуры».\r\n\r\nMidJourney V5 будет предлагать юзерам два изображения во время предварительной стадии, после чего требуется выбрать одно из них, определить понравившийся стиль и двигаться дальше. Создатели хорошо поработали над генерацией лица, глаз, пальцев и остальных конечностей, что было проблемой в остальных версиях нейросети.\r\n\r\nРанее pepelac.news писал, что Индия подготовила новые правила к мобильникам иностранного производства.', '2023-03-16 11:19:02', '2023-03-16 11:19:02'),
(10, 'Прошел запуск обновленной нейросети MidJourney V5', '16 марта прошел запуск следующей версии известной нейросети Midjourney. Стало известно, что нейросеть получила наименование MidJourney V5 и уже открыта для испытания. Создатели нейросети сообщили, что MidJourney V5 обладает «гораздо более высоким качеством картинки, более разнообразными выходными данными, широким стилистическим диапазоном и поддерживает бесшовные текстуры».\r\n', '2023-03-16 11:19:02', '2023-03-16 11:19:02'),
(11, 'Прошел запуск обновленной нейросети MidJourney V5', '16 марта прошел запуск следующей версии известной нейросети Midjourney. Стало известно, что нейросеть получила наименование MidJourney V5 и уже открыта для испытания. Создатели нейросети сообщили, что MidJourney V5 обладает «гораздо более высоким качеством картинки, более разнообразными выходными данными, широким стилистическим диапазоном и поддерживает бесшовные текстуры».\r\n\r\nMidJourney V5 будет предлагать юзерам два изображения во время предварительной стадии, после чего требуется выбрать одно из них, определить понравившийся стиль и двигаться дальше. Создатели хорошо поработали над генерацией лица, глаз, пальцев и остальных конечностей, что было проблемой в остальных версиях нейросети.\r\n\r\nРанее pepelac.news писал, что Индия подготовила новые правила к мобильникам иностранного производства.', '2023-03-16 11:19:02', '2023-03-16 11:19:02'),
(12, 'Прошел запуск обновленной нейросети MidJourney V5', '16 марта прошел запуск следующей версии известной нейросети Midjourney. Стало известно, что нейросеть получила наименование MidJourney V5 и уже открыта для испытания. Создатели нейросети сообщили, что MidJourney V5 обладает «гораздо более высоким качеством картинки, более разнообразными выходными данными, широким стилистическим диапазоном и поддерживает бесшовные текстуры».\r\n', '2023-03-16 11:19:02', '2023-03-16 11:19:02'),
(13, 'Прошел запуск обновленной нейросети MidJourney V5', '16 марта прошел запуск следующей версии известной нейросети Midjourney. Стало известно, что нейросеть получила наименование MidJourney V5 и уже открыта для испытания. Создатели нейросети сообщили, что MidJourney V5 обладает «гораздо более высоким качеством картинки, более разнообразными выходными данными, широким стилистическим диапазоном и поддерживает бесшовные текстуры».\r\n\r\nMidJourney V5 будет предлагать юзерам два изображения во время предварительной стадии, после чего требуется выбрать одно из них, определить понравившийся стиль и двигаться дальше. Создатели хорошо поработали над генерацией лица, глаз, пальцев и остальных конечностей, что было проблемой в остальных версиях нейросети.\r\n\r\nРанее pepelac.news писал, что Индия подготовила новые правила к мобильникам иностранного производства.', '2023-03-16 11:19:02', '2023-03-16 11:19:02'),
(14, 'Прошел запуск обновленной нейросети MidJourney V5', '16 марта прошел запуск следующей версии известной нейросети Midjourney. Стало известно, что нейросеть получила наименование MidJourney V5 и уже открыта для испытания. Создатели нейросети сообщили, что MidJourney V5 обладает «гораздо более высоким качеством картинки, более разнообразными выходными данными, широким стилистическим диапазоном и поддерживает бесшовные текстуры».\r\n', '2023-03-16 11:19:02', '2023-03-16 11:19:02'),
(15, 'Прошел запуск обновленной нейросети MidJourney V5', '16 марта прошел запуск следующей версии известной нейросети Midjourney. Стало известно, что нейросеть получила наименование MidJourney V5 и уже открыта для испытания. Создатели нейросети сообщили, что MidJourney V5 обладает «гораздо более высоким качеством картинки, более разнообразными выходными данными, широким стилистическим диапазоном и поддерживает бесшовные текстуры».\r\n\r\nMidJourney V5 будет предлагать юзерам два изображения во время предварительной стадии, после чего требуется выбрать одно из них, определить понравившийся стиль и двигаться дальше. Создатели хорошо поработали над генерацией лица, глаз, пальцев и остальных конечностей, что было проблемой в остальных версиях нейросети.\r\n\r\nРанее pepelac.news писал, что Индия подготовила новые правила к мобильникам иностранного производства.', '2023-03-16 11:19:02', '2023-03-16 11:19:02'),
(16, 'Прошел запуск обновленной нейросети MidJourney V5', '16 марта прошел запуск следующей версии известной нейросети Midjourney. Стало известно, что нейросеть получила наименование MidJourney V5 и уже открыта для испытания. Создатели нейросети сообщили, что MidJourney V5 обладает «гораздо более высоким качеством картинки, более разнообразными выходными данными, широким стилистическим диапазоном и поддерживает бесшовные текстуры».\r\n', '2023-03-16 11:19:02', '2023-03-16 11:19:02'),
(17, 'Прошел запуск обновленной нейросети MidJourney V5', '16 марта прошел запуск следующей версии известной нейросети Midjourney. Стало известно, что нейросеть получила наименование MidJourney V5 и уже открыта для испытания. Создатели нейросети сообщили, что MidJourney V5 обладает «гораздо более высоким качеством картинки, более разнообразными выходными данными, широким стилистическим диапазоном и поддерживает бесшовные текстуры».\r\n\r\nMidJourney V5 будет предлагать юзерам два изображения во время предварительной стадии, после чего требуется выбрать одно из них, определить понравившийся стиль и двигаться дальше. Создатели хорошо поработали над генерацией лица, глаз, пальцев и остальных конечностей, что было проблемой в остальных версиях нейросети.\r\n\r\nРанее pepelac.news писал, что Индия подготовила новые правила к мобильникам иностранного производства.', '2023-03-16 11:19:02', '2023-03-16 11:19:02'),
(18, 'Прошел запуск обновленной нейросети MidJourney V5', '16 марта прошел запуск следующей версии известной нейросети Midjourney. Стало известно, что нейросеть получила наименование MidJourney V5 и уже открыта для испытания. Создатели нейросети сообщили, что MidJourney V5 обладает «гораздо более высоким качеством картинки, более разнообразными выходными данными, широким стилистическим диапазоном и поддерживает бесшовные текстуры».\r\n', '2023-03-16 11:19:02', '2023-03-16 11:19:02'),
(19, 'Прошел запуск обновленной нейросети MidJourney V5', '16 марта прошел запуск следующей версии известной нейросети Midjourney. Стало известно, что нейросеть получила наименование MidJourney V5 и уже открыта для испытания. Создатели нейросети сообщили, что MidJourney V5 обладает «гораздо более высоким качеством картинки, более разнообразными выходными данными, широким стилистическим диапазоном и поддерживает бесшовные текстуры».\r\n\r\nMidJourney V5 будет предлагать юзерам два изображения во время предварительной стадии, после чего требуется выбрать одно из них, определить понравившийся стиль и двигаться дальше. Создатели хорошо поработали над генерацией лица, глаз, пальцев и остальных конечностей, что было проблемой в остальных версиях нейросети.\r\n\r\nРанее pepelac.news писал, что Индия подготовила новые правила к мобильникам иностранного производства.', '2023-03-16 11:19:02', '2023-03-16 11:19:02'),
(20, 'Прошел запуск обновленной нейросети MidJourney V5', '16 марта прошел запуск следующей версии известной нейросети Midjourney. Стало известно, что нейросеть получила наименование MidJourney V5 и уже открыта для испытания. Создатели нейросети сообщили, что MidJourney V5 обладает «гораздо более высоким качеством картинки, более разнообразными выходными данными, широким стилистическим диапазоном и поддерживает бесшовные текстуры».\r\n', '2023-03-16 11:19:02', '2023-03-16 11:19:02'),
(21, 'Прошел запуск обновленной нейросети MidJourney V5', '16 марта прошел запуск следующей версии известной нейросети Midjourney. Стало известно, что нейросеть получила наименование MidJourney V5 и уже открыта для испытания. Создатели нейросети сообщили, что MidJourney V5 обладает «гораздо более высоким качеством картинки, более разнообразными выходными данными, широким стилистическим диапазоном и поддерживает бесшовные текстуры».\r\n\r\nMidJourney V5 будет предлагать юзерам два изображения во время предварительной стадии, после чего требуется выбрать одно из них, определить понравившийся стиль и двигаться дальше. Создатели хорошо поработали над генерацией лица, глаз, пальцев и остальных конечностей, что было проблемой в остальных версиях нейросети.\r\n\r\nРанее pepelac.news писал, что Индия подготовила новые правила к мобильникам иностранного производства.', '2023-03-16 11:19:02', '2023-03-16 11:19:02'),
(22, 'Прошел запуск обновленной нейросети MidJourney V5', '16 марта прошел запуск следующей версии известной нейросети Midjourney. Стало известно, что нейросеть получила наименование MidJourney V5 и уже открыта для испытания. Создатели нейросети сообщили, что MidJourney V5 обладает «гораздо более высоким качеством картинки, более разнообразными выходными данными, широким стилистическим диапазоном и поддерживает бесшовные текстуры».\r\n', '2023-03-16 11:19:02', '2023-03-16 11:19:02'),
(23, 'Прошел запуск обновленной нейросети MidJourney V5', '16 марта прошел запуск следующей версии известной нейросети Midjourney. Стало известно, что нейросеть получила наименование MidJourney V5 и уже открыта для испытания. Создатели нейросети сообщили, что MidJourney V5 обладает «гораздо более высоким качеством картинки, более разнообразными выходными данными, широким стилистическим диапазоном и поддерживает бесшовные текстуры».\r\n\r\nMidJourney V5 будет предлагать юзерам два изображения во время предварительной стадии, после чего требуется выбрать одно из них, определить понравившийся стиль и двигаться дальше. Создатели хорошо поработали над генерацией лица, глаз, пальцев и остальных конечностей, что было проблемой в остальных версиях нейросети.\r\n\r\nРанее pepelac.news писал, что Индия подготовила новые правила к мобильникам иностранного производства.', '2023-03-16 11:19:02', '2023-03-16 11:19:02'),
(24, 'Прошел запуск обновленной нейросети MidJourney V5', '16 марта прошел запуск следующей версии известной нейросети Midjourney. Стало известно, что нейросеть получила наименование MidJourney V5 и уже открыта для испытания. Создатели нейросети сообщили, что MidJourney V5 обладает «гораздо более высоким качеством картинки, более разнообразными выходными данными, широким стилистическим диапазоном и поддерживает бесшовные текстуры».\r\n', '2023-03-16 11:19:02', '2023-03-16 11:19:02'),
(25, 'Прошел запуск обновленной нейросети MidJourney V5', '16 марта прошел запуск следующей версии известной нейросети Midjourney. Стало известно, что нейросеть получила наименование MidJourney V5 и уже открыта для испытания. Создатели нейросети сообщили, что MidJourney V5 обладает «гораздо более высоким качеством картинки, более разнообразными выходными данными, широким стилистическим диапазоном и поддерживает бесшовные текстуры».\r\n\r\nMidJourney V5 будет предлагать юзерам два изображения во время предварительной стадии, после чего требуется выбрать одно из них, определить понравившийся стиль и двигаться дальше. Создатели хорошо поработали над генерацией лица, глаз, пальцев и остальных конечностей, что было проблемой в остальных версиях нейросети.\r\n\r\nРанее pepelac.news писал, что Индия подготовила новые правила к мобильникам иностранного производства.', '2023-03-16 11:19:02', '2023-03-16 11:19:02'),
(26, 'Прошел запуск обновленной нейросети MidJourney V5', '16 марта прошел запуск следующей версии известной нейросети Midjourney. Стало известно, что нейросеть получила наименование MidJourney V5 и уже открыта для испытания. Создатели нейросети сообщили, что MidJourney V5 обладает «гораздо более высоким качеством картинки, более разнообразными выходными данными, широким стилистическим диапазоном и поддерживает бесшовные текстуры».\r\n', '2023-03-16 11:19:02', '2023-03-16 11:19:02'),
(27, 'Прошел запуск обновленной нейросети MidJourney V5', '16 марта прошел запуск следующей версии известной нейросети Midjourney. Стало известно, что нейросеть получила наименование MidJourney V5 и уже открыта для испытания. Создатели нейросети сообщили, что MidJourney V5 обладает «гораздо более высоким качеством картинки, более разнообразными выходными данными, широким стилистическим диапазоном и поддерживает бесшовные текстуры».\r\n\r\nMidJourney V5 будет предлагать юзерам два изображения во время предварительной стадии, после чего требуется выбрать одно из них, определить понравившийся стиль и двигаться дальше. Создатели хорошо поработали над генерацией лица, глаз, пальцев и остальных конечностей, что было проблемой в остальных версиях нейросети.\r\n\r\nРанее pepelac.news писал, что Индия подготовила новые правила к мобильникам иностранного производства.', '2023-03-16 11:19:02', '2023-03-16 11:19:02'),
(28, 'Прошел запуск обновленной нейросети MidJourney V5', '16 марта прошел запуск следующей версии известной нейросети Midjourney. Стало известно, что нейросеть получила наименование MidJourney V5 и уже открыта для испытания. Создатели нейросети сообщили, что MidJourney V5 обладает «гораздо более высоким качеством картинки, более разнообразными выходными данными, широким стилистическим диапазоном и поддерживает бесшовные текстуры».\r\n', '2023-03-16 11:19:02', '2023-03-16 11:19:02'),
(29, 'Прошел запуск обновленной нейросети MidJourney V5', '16 марта прошел запуск следующей версии известной нейросети Midjourney. Стало известно, что нейросеть получила наименование MidJourney V5 и уже открыта для испытания. Создатели нейросети сообщили, что MidJourney V5 обладает «гораздо более высоким качеством картинки, более разнообразными выходными данными, широким стилистическим диапазоном и поддерживает бесшовные текстуры».\r\n\r\nMidJourney V5 будет предлагать юзерам два изображения во время предварительной стадии, после чего требуется выбрать одно из них, определить понравившийся стиль и двигаться дальше. Создатели хорошо поработали над генерацией лица, глаз, пальцев и остальных конечностей, что было проблемой в остальных версиях нейросети.\r\n\r\nРанее pepelac.news писал, что Индия подготовила новые правила к мобильникам иностранного производства.', '2023-03-16 11:19:02', '2023-03-16 11:19:02'),
(30, 'Прошел запуск обновленной нейросети MidJourney V5', '16 марта прошел запуск следующей версии известной нейросети Midjourney. Стало известно, что нейросеть получила наименование MidJourney V5 и уже открыта для испытания. Создатели нейросети сообщили, что MidJourney V5 обладает «гораздо более высоким качеством картинки, более разнообразными выходными данными, широким стилистическим диапазоном и поддерживает бесшовные текстуры».\r\n', '2023-03-16 11:19:02', '2023-03-16 11:19:02'),
(31, 'Прошел запуск обновленной нейросети MidJourney V5', '16 марта прошел запуск следующей версии известной нейросети Midjourney. Стало известно, что нейросеть получила наименование MidJourney V5 и уже открыта для испытания. Создатели нейросети сообщили, что MidJourney V5 обладает «гораздо более высоким качеством картинки, более разнообразными выходными данными, широким стилистическим диапазоном и поддерживает бесшовные текстуры».\r\n\r\nMidJourney V5 будет предлагать юзерам два изображения во время предварительной стадии, после чего требуется выбрать одно из них, определить понравившийся стиль и двигаться дальше. Создатели хорошо поработали над генерацией лица, глаз, пальцев и остальных конечностей, что было проблемой в остальных версиях нейросети.\r\n\r\nРанее pepelac.news писал, что Индия подготовила новые правила к мобильникам иностранного производства.', '2023-03-16 11:19:02', '2023-03-16 11:19:02'),
(32, 'Прошел запуск обновленной нейросети MidJourney V5', '16 марта прошел запуск следующей версии известной нейросети Midjourney. Стало известно, что нейросеть получила наименование MidJourney V5 и уже открыта для испытания. Создатели нейросети сообщили, что MidJourney V5 обладает «гораздо более высоким качеством картинки, более разнообразными выходными данными, широким стилистическим диапазоном и поддерживает бесшовные текстуры».\r\n', '2023-03-16 11:19:02', '2023-03-16 11:19:02'),
(33, 'Прошел запуск обновленной нейросети MidJourney V5', '16 марта прошел запуск следующей версии известной нейросети Midjourney. Стало известно, что нейросеть получила наименование MidJourney V5 и уже открыта для испытания. Создатели нейросети сообщили, что MidJourney V5 обладает «гораздо более высоким качеством картинки, более разнообразными выходными данными, широким стилистическим диапазоном и поддерживает бесшовные текстуры».\r\n\r\nMidJourney V5 будет предлагать юзерам два изображения во время предварительной стадии, после чего требуется выбрать одно из них, определить понравившийся стиль и двигаться дальше. Создатели хорошо поработали над генерацией лица, глаз, пальцев и остальных конечностей, что было проблемой в остальных версиях нейросети.\r\n\r\nРанее pepelac.news писал, что Индия подготовила новые правила к мобильникам иностранного производства.', '2023-03-16 11:19:02', '2023-03-16 11:19:02'),
(34, 'Прошел запуск обновленной нейросети MidJourney V5', '16 марта прошел запуск следующей версии известной нейросети Midjourney. Стало известно, что нейросеть получила наименование MidJourney V5 и уже открыта для испытания. Создатели нейросети сообщили, что MidJourney V5 обладает «гораздо более высоким качеством картинки, более разнообразными выходными данными, широким стилистическим диапазоном и поддерживает бесшовные текстуры».\r\n', '2023-03-16 11:19:02', '2023-03-16 11:19:02'),
(35, 'Прошел запуск обновленной нейросети MidJourney V5', '16 марта прошел запуск следующей версии известной нейросети Midjourney. Стало известно, что нейросеть получила наименование MidJourney V5 и уже открыта для испытания. Создатели нейросети сообщили, что MidJourney V5 обладает «гораздо более высоким качеством картинки, более разнообразными выходными данными, широким стилистическим диапазоном и поддерживает бесшовные текстуры».\r\n\r\nMidJourney V5 будет предлагать юзерам два изображения во время предварительной стадии, после чего требуется выбрать одно из них, определить понравившийся стиль и двигаться дальше. Создатели хорошо поработали над генерацией лица, глаз, пальцев и остальных конечностей, что было проблемой в остальных версиях нейросети.\r\n\r\nРанее pepelac.news писал, что Индия подготовила новые правила к мобильникам иностранного производства.', '2023-03-16 11:19:02', '2023-03-16 11:19:02'),
(36, 'Прошел запуск обновленной нейросети MidJourney V5', '16 марта прошел запуск следующей версии известной нейросети Midjourney. Стало известно, что нейросеть получила наименование MidJourney V5 и уже открыта для испытания. Создатели нейросети сообщили, что MidJourney V5 обладает «гораздо более высоким качеством картинки, более разнообразными выходными данными, широким стилистическим диапазоном и поддерживает бесшовные текстуры».\r\n', '2023-03-16 11:19:02', '2023-03-16 11:19:02'),
(37, 'Прошел запуск обновленной нейросети MidJourney V5', '16 марта прошел запуск следующей версии известной нейросети Midjourney. Стало известно, что нейросеть получила наименование MidJourney V5 и уже открыта для испытания. Создатели нейросети сообщили, что MidJourney V5 обладает «гораздо более высоким качеством картинки, более разнообразными выходными данными, широким стилистическим диапазоном и поддерживает бесшовные текстуры».\r\n\r\nMidJourney V5 будет предлагать юзерам два изображения во время предварительной стадии, после чего требуется выбрать одно из них, определить понравившийся стиль и двигаться дальше. Создатели хорошо поработали над генерацией лица, глаз, пальцев и остальных конечностей, что было проблемой в остальных версиях нейросети.\r\n\r\nРанее pepelac.news писал, что Индия подготовила новые правила к мобильникам иностранного производства.', '2023-03-16 11:19:02', '2023-03-16 11:19:02'),
(38, 'Прошел запуск обновленной нейросети MidJourney V5', '16 марта прошел запуск следующей версии известной нейросети Midjourney. Стало известно, что нейросеть получила наименование MidJourney V5 и уже открыта для испытания. Создатели нейросети сообщили, что MidJourney V5 обладает «гораздо более высоким качеством картинки, более разнообразными выходными данными, широким стилистическим диапазоном и поддерживает бесшовные текстуры».\r\n', '2023-03-16 11:19:02', '2023-03-16 11:19:02'),
(39, 'Прошел запуск обновленной нейросети MidJourney V5', '16 марта прошел запуск следующей версии известной нейросети Midjourney. Стало известно, что нейросеть получила наименование MidJourney V5 и уже открыта для испытания. Создатели нейросети сообщили, что MidJourney V5 обладает «гораздо более высоким качеством картинки, более разнообразными выходными данными, широким стилистическим диапазоном и поддерживает бесшовные текстуры».\r\n\r\nMidJourney V5 будет предлагать юзерам два изображения во время предварительной стадии, после чего требуется выбрать одно из них, определить понравившийся стиль и двигаться дальше. Создатели хорошо поработали над генерацией лица, глаз, пальцев и остальных конечностей, что было проблемой в остальных версиях нейросети.\r\n\r\nРанее pepelac.news писал, что Индия подготовила новые правила к мобильникам иностранного производства.', '2023-03-16 11:19:02', '2023-03-16 11:19:02'),
(40, 'Прошел запуск обновленной нейросети MidJourney V5', '16 марта прошел запуск следующей версии известной нейросети Midjourney. Стало известно, что нейросеть получила наименование MidJourney V5 и уже открыта для испытания. Создатели нейросети сообщили, что MidJourney V5 обладает «гораздо более высоким качеством картинки, более разнообразными выходными данными, широким стилистическим диапазоном и поддерживает бесшовные текстуры».\r\n', '2023-03-16 11:19:02', '2023-03-16 11:19:02'),
(41, 'Прошел запуск обновленной нейросети MidJourney V5', '16 марта прошел запуск следующей версии известной нейросети Midjourney. Стало известно, что нейросеть получила наименование MidJourney V5 и уже открыта для испытания. Создатели нейросети сообщили, что MidJourney V5 обладает «гораздо более высоким качеством картинки, более разнообразными выходными данными, широким стилистическим диапазоном и поддерживает бесшовные текстуры».\r\n\r\nMidJourney V5 будет предлагать юзерам два изображения во время предварительной стадии, после чего требуется выбрать одно из них, определить понравившийся стиль и двигаться дальше. Создатели хорошо поработали над генерацией лица, глаз, пальцев и остальных конечностей, что было проблемой в остальных версиях нейросети.\r\n\r\nРанее pepelac.news писал, что Индия подготовила новые правила к мобильникам иностранного производства.', '2023-03-16 11:19:02', '2023-03-16 11:19:02'),
(42, 'Прошел запуск обновленной нейросети MidJourney V5', '16 марта прошел запуск следующей версии известной нейросети Midjourney. Стало известно, что нейросеть получила наименование MidJourney V5 и уже открыта для испытания. Создатели нейросети сообщили, что MidJourney V5 обладает «гораздо более высоким качеством картинки, более разнообразными выходными данными, широким стилистическим диапазоном и поддерживает бесшовные текстуры».\r\n', '2023-03-16 11:19:02', '2023-03-16 11:19:02'),
(43, 'Прошел запуск обновленной нейросети MidJourney V5', '16 марта прошел запуск следующей версии известной нейросети Midjourney. Стало известно, что нейросеть получила наименование MidJourney V5 и уже открыта для испытания. Создатели нейросети сообщили, что MidJourney V5 обладает «гораздо более высоким качеством картинки, более разнообразными выходными данными, широким стилистическим диапазоном и поддерживает бесшовные текстуры».\r\n\r\nMidJourney V5 будет предлагать юзерам два изображения во время предварительной стадии, после чего требуется выбрать одно из них, определить понравившийся стиль и двигаться дальше. Создатели хорошо поработали над генерацией лица, глаз, пальцев и остальных конечностей, что было проблемой в остальных версиях нейросети.\r\n\r\nРанее pepelac.news писал, что Индия подготовила новые правила к мобильникам иностранного производства.', '2023-03-16 11:19:02', '2023-03-16 11:19:02'),
(44, 'Прошел запуск обновленной нейросети MidJourney V5', '16 марта прошел запуск следующей версии известной нейросети Midjourney. Стало известно, что нейросеть получила наименование MidJourney V5 и уже открыта для испытания. Создатели нейросети сообщили, что MidJourney V5 обладает «гораздо более высоким качеством картинки, более разнообразными выходными данными, широким стилистическим диапазоном и поддерживает бесшовные текстуры».\r\n', '2023-03-16 11:19:02', '2023-03-16 11:19:02'),
(45, 'Прошел запуск обновленной нейросети MidJourney V5', '16 марта прошел запуск следующей версии известной нейросети Midjourney. Стало известно, что нейросеть получила наименование MidJourney V5 и уже открыта для испытания. Создатели нейросети сообщили, что MidJourney V5 обладает «гораздо более высоким качеством картинки, более разнообразными выходными данными, широким стилистическим диапазоном и поддерживает бесшовные текстуры».\r\n\r\nMidJourney V5 будет предлагать юзерам два изображения во время предварительной стадии, после чего требуется выбрать одно из них, определить понравившийся стиль и двигаться дальше. Создатели хорошо поработали над генерацией лица, глаз, пальцев и остальных конечностей, что было проблемой в остальных версиях нейросети.\r\n\r\nРанее pepelac.news писал, что Индия подготовила новые правила к мобильникам иностранного производства.', '2023-03-16 11:19:02', '2023-03-16 11:19:02'),
(46, 'Прошел запуск обновленной нейросети MidJourney V5', '16 марта прошел запуск следующей версии известной нейросети Midjourney. Стало известно, что нейросеть получила наименование MidJourney V5 и уже открыта для испытания. Создатели нейросети сообщили, что MidJourney V5 обладает «гораздо более высоким качеством картинки, более разнообразными выходными данными, широким стилистическим диапазоном и поддерживает бесшовные текстуры».\r\n', '2023-03-16 11:19:02', '2023-03-16 11:19:02'),
(47, 'Прошел запуск обновленной нейросети MidJourney V5', '16 марта прошел запуск следующей версии известной нейросети Midjourney. Стало известно, что нейросеть получила наименование MidJourney V5 и уже открыта для испытания. Создатели нейросети сообщили, что MidJourney V5 обладает «гораздо более высоким качеством картинки, более разнообразными выходными данными, широким стилистическим диапазоном и поддерживает бесшовные текстуры».\r\n\r\nMidJourney V5 будет предлагать юзерам два изображения во время предварительной стадии, после чего требуется выбрать одно из них, определить понравившийся стиль и двигаться дальше. Создатели хорошо поработали над генерацией лица, глаз, пальцев и остальных конечностей, что было проблемой в остальных версиях нейросети.\r\n\r\nРанее pepelac.news писал, что Индия подготовила новые правила к мобильникам иностранного производства.', '2023-03-16 11:19:02', '2023-03-16 11:19:02'),
(48, 'Прошел запуск обновленной нейросети MidJourney V5', '16 марта прошел запуск следующей версии известной нейросети Midjourney. Стало известно, что нейросеть получила наименование MidJourney V5 и уже открыта для испытания. Создатели нейросети сообщили, что MidJourney V5 обладает «гораздо более высоким качеством картинки, более разнообразными выходными данными, широким стилистическим диапазоном и поддерживает бесшовные текстуры».\r\n', '2023-03-16 11:19:02', '2023-03-16 11:19:02'),
(49, 'Прошел запуск обновленной нейросети MidJourney V5', '16 марта прошел запуск следующей версии известной нейросети Midjourney. Стало известно, что нейросеть получила наименование MidJourney V5 и уже открыта для испытания. Создатели нейросети сообщили, что MidJourney V5 обладает «гораздо более высоким качеством картинки, более разнообразными выходными данными, широким стилистическим диапазоном и поддерживает бесшовные текстуры».\r\n\r\nMidJourney V5 будет предлагать юзерам два изображения во время предварительной стадии, после чего требуется выбрать одно из них, определить понравившийся стиль и двигаться дальше. Создатели хорошо поработали над генерацией лица, глаз, пальцев и остальных конечностей, что было проблемой в остальных версиях нейросети.\r\n\r\nРанее pepelac.news писал, что Индия подготовила новые правила к мобильникам иностранного производства.', '2023-03-16 11:19:02', '2023-03-16 11:19:02'),
(50, 'Прошел запуск обновленной нейросети MidJourney V5', '16 марта прошел запуск следующей версии известной нейросети Midjourney. Стало известно, что нейросеть получила наименование MidJourney V5 и уже открыта для испытания. Создатели нейросети сообщили, что MidJourney V5 обладает «гораздо более высоким качеством картинки, более разнообразными выходными данными, широким стилистическим диапазоном и поддерживает бесшовные текстуры».\r\n', '2023-03-16 11:19:02', '2023-03-16 11:19:02'),
(51, 'Прошел запуск обновленной нейросети MidJourney V5', '16 марта прошел запуск следующей версии известной нейросети Midjourney. Стало известно, что нейросеть получила наименование MidJourney V5 и уже открыта для испытания. Создатели нейросети сообщили, что MidJourney V5 обладает «гораздо более высоким качеством картинки, более разнообразными выходными данными, широким стилистическим диапазоном и поддерживает бесшовные текстуры».\r\n\r\nMidJourney V5 будет предлагать юзерам два изображения во время предварительной стадии, после чего требуется выбрать одно из них, определить понравившийся стиль и двигаться дальше. Создатели хорошо поработали над генерацией лица, глаз, пальцев и остальных конечностей, что было проблемой в остальных версиях нейросети.\r\n\r\nРанее pepelac.news писал, что Индия подготовила новые правила к мобильникам иностранного производства.', '2023-03-16 11:19:02', '2023-03-16 11:19:02'),
(52, 'Прошел запуск обновленной нейросети MidJourney V5', '16 марта прошел запуск следующей версии известной нейросети Midjourney. Стало известно, что нейросеть получила наименование MidJourney V5 и уже открыта для испытания. Создатели нейросети сообщили, что MidJourney V5 обладает «гораздо более высоким качеством картинки, более разнообразными выходными данными, широким стилистическим диапазоном и поддерживает бесшовные текстуры».\r\n', '2023-03-16 11:19:02', '2023-03-16 11:19:02'),
(53, 'Прошел запуск обновленной нейросети MidJourney V5', '16 марта прошел запуск следующей версии известной нейросети Midjourney. Стало известно, что нейросеть получила наименование MidJourney V5 и уже открыта для испытания. Создатели нейросети сообщили, что MidJourney V5 обладает «гораздо более высоким качеством картинки, более разнообразными выходными данными, широким стилистическим диапазоном и поддерживает бесшовные текстуры».\r\n\r\nMidJourney V5 будет предлагать юзерам два изображения во время предварительной стадии, после чего требуется выбрать одно из них, определить понравившийся стиль и двигаться дальше. Создатели хорошо поработали над генерацией лица, глаз, пальцев и остальных конечностей, что было проблемой в остальных версиях нейросети.\r\n\r\nРанее pepelac.news писал, что Индия подготовила новые правила к мобильникам иностранного производства.', '2023-03-16 11:19:02', '2023-03-16 11:19:02'),
(54, 'Прошел запуск обновленной нейросети MidJourney V5', '16 марта прошел запуск следующей версии известной нейросети Midjourney. Стало известно, что нейросеть получила наименование MidJourney V5 и уже открыта для испытания. Создатели нейросети сообщили, что MidJourney V5 обладает «гораздо более высоким качеством картинки, более разнообразными выходными данными, широким стилистическим диапазоном и поддерживает бесшовные текстуры».\r\n', '2023-03-16 11:19:02', '2023-03-16 11:19:02'),
(55, 'Прошел запуск обновленной нейросети MidJourney V5', '16 марта прошел запуск следующей версии известной нейросети Midjourney. Стало известно, что нейросеть получила наименование MidJourney V5 и уже открыта для испытания. Создатели нейросети сообщили, что MidJourney V5 обладает «гораздо более высоким качеством картинки, более разнообразными выходными данными, широким стилистическим диапазоном и поддерживает бесшовные текстуры».\r\n\r\nMidJourney V5 будет предлагать юзерам два изображения во время предварительной стадии, после чего требуется выбрать одно из них, определить понравившийся стиль и двигаться дальше. Создатели хорошо поработали над генерацией лица, глаз, пальцев и остальных конечностей, что было проблемой в остальных версиях нейросети.\r\n\r\nРанее pepelac.news писал, что Индия подготовила новые правила к мобильникам иностранного производства.', '2023-03-16 11:19:02', '2023-03-16 11:19:02'),
(56, 'Прошел запуск обновленной нейросети MidJourney V5', '16 марта прошел запуск следующей версии известной нейросети Midjourney. Стало известно, что нейросеть получила наименование MidJourney V5 и уже открыта для испытания. Создатели нейросети сообщили, что MidJourney V5 обладает «гораздо более высоким качеством картинки, более разнообразными выходными данными, широким стилистическим диапазоном и поддерживает бесшовные текстуры».\r\n', '2023-03-16 11:19:02', '2023-03-16 11:19:02'),
(57, 'Прошел запуск обновленной нейросети MidJourney V5', '16 марта прошел запуск следующей версии известной нейросети Midjourney. Стало известно, что нейросеть получила наименование MidJourney V5 и уже открыта для испытания. Создатели нейросети сообщили, что MidJourney V5 обладает «гораздо более высоким качеством картинки, более разнообразными выходными данными, широким стилистическим диапазоном и поддерживает бесшовные текстуры».\r\n\r\nMidJourney V5 будет предлагать юзерам два изображения во время предварительной стадии, после чего требуется выбрать одно из них, определить понравившийся стиль и двигаться дальше. Создатели хорошо поработали над генерацией лица, глаз, пальцев и остальных конечностей, что было проблемой в остальных версиях нейросети.\r\n\r\nРанее pepelac.news писал, что Индия подготовила новые правила к мобильникам иностранного производства.', '2023-03-16 11:19:02', '2023-03-16 11:19:02'),
(58, 'Прошел запуск обновленной нейросети MidJourney V5', '16 марта прошел запуск следующей версии известной нейросети Midjourney. Стало известно, что нейросеть получила наименование MidJourney V5 и уже открыта для испытания. Создатели нейросети сообщили, что MidJourney V5 обладает «гораздо более высоким качеством картинки, более разнообразными выходными данными, широким стилистическим диапазоном и поддерживает бесшовные текстуры».\r\n', '2023-03-16 11:19:02', '2023-03-16 11:19:02'),
(59, 'Прошел запуск обновленной нейросети MidJourney V5', '16 марта прошел запуск следующей версии известной нейросети Midjourney. Стало известно, что нейросеть получила наименование MidJourney V5 и уже открыта для испытания. Создатели нейросети сообщили, что MidJourney V5 обладает «гораздо более высоким качеством картинки, более разнообразными выходными данными, широким стилистическим диапазоном и поддерживает бесшовные текстуры».\r\n\r\nMidJourney V5 будет предлагать юзерам два изображения во время предварительной стадии, после чего требуется выбрать одно из них, определить понравившийся стиль и двигаться дальше. Создатели хорошо поработали над генерацией лица, глаз, пальцев и остальных конечностей, что было проблемой в остальных версиях нейросети.\r\n\r\nРанее pepelac.news писал, что Индия подготовила новые правила к мобильникам иностранного производства.', '2023-03-16 11:19:02', '2023-03-16 11:19:02'),
(60, 'Прошел запуск обновленной нейросети MidJourney V5', '16 марта прошел запуск следующей версии известной нейросети Midjourney. Стало известно, что нейросеть получила наименование MidJourney V5 и уже открыта для испытания. Создатели нейросети сообщили, что MidJourney V5 обладает «гораздо более высоким качеством картинки, более разнообразными выходными данными, широким стилистическим диапазоном и поддерживает бесшовные текстуры».\r\n', '2023-03-16 11:19:02', '2023-03-16 11:19:02'),
(61, 'Прошел запуск обновленной нейросети MidJourney V5', '16 марта прошел запуск следующей версии известной нейросети Midjourney. Стало известно, что нейросеть получила наименование MidJourney V5 и уже открыта для испытания. Создатели нейросети сообщили, что MidJourney V5 обладает «гораздо более высоким качеством картинки, более разнообразными выходными данными, широким стилистическим диапазоном и поддерживает бесшовные текстуры».\r\n\r\nMidJourney V5 будет предлагать юзерам два изображения во время предварительной стадии, после чего требуется выбрать одно из них, определить понравившийся стиль и двигаться дальше. Создатели хорошо поработали над генерацией лица, глаз, пальцев и остальных конечностей, что было проблемой в остальных версиях нейросети.\r\n\r\nРанее pepelac.news писал, что Индия подготовила новые правила к мобильникам иностранного производства.', '2023-03-16 11:19:02', '2023-03-16 11:19:02'),
(62, 'Прошел запуск обновленной нейросети MidJourney V5', '16 марта прошел запуск следующей версии известной нейросети Midjourney. Стало известно, что нейросеть получила наименование MidJourney V5 и уже открыта для испытания. Создатели нейросети сообщили, что MidJourney V5 обладает «гораздо более высоким качеством картинки, более разнообразными выходными данными, широким стилистическим диапазоном и поддерживает бесшовные текстуры».\r\n', '2023-03-16 11:19:02', '2023-03-16 11:19:02'),
(63, 'Прошел запуск обновленной нейросети MidJourney V5', '16 марта прошел запуск следующей версии известной нейросети Midjourney. Стало известно, что нейросеть получила наименование MidJourney V5 и уже открыта для испытания. Создатели нейросети сообщили, что MidJourney V5 обладает «гораздо более высоким качеством картинки, более разнообразными выходными данными, широким стилистическим диапазоном и поддерживает бесшовные текстуры».\r\n\r\nMidJourney V5 будет предлагать юзерам два изображения во время предварительной стадии, после чего требуется выбрать одно из них, определить понравившийся стиль и двигаться дальше. Создатели хорошо поработали над генерацией лица, глаз, пальцев и остальных конечностей, что было проблемой в остальных версиях нейросети.\r\n\r\nРанее pepelac.news писал, что Индия подготовила новые правила к мобильникам иностранного производства.', '2023-03-16 11:19:02', '2023-03-16 11:19:02'),
(64, 'Прошел запуск обновленной нейросети MidJourney V5', '16 марта прошел запуск следующей версии известной нейросети Midjourney. Стало известно, что нейросеть получила наименование MidJourney V5 и уже открыта для испытания. Создатели нейросети сообщили, что MidJourney V5 обладает «гораздо более высоким качеством картинки, более разнообразными выходными данными, широким стилистическим диапазоном и поддерживает бесшовные текстуры».\r\n', '2023-03-16 11:19:02', '2023-03-16 11:19:02'),
(65, 'Прошел запуск обновленной нейросети MidJourney V5', '16 марта прошел запуск следующей версии известной нейросети Midjourney. Стало известно, что нейросеть получила наименование MidJourney V5 и уже открыта для испытания. Создатели нейросети сообщили, что MidJourney V5 обладает «гораздо более высоким качеством картинки, более разнообразными выходными данными, широким стилистическим диапазоном и поддерживает бесшовные текстуры».\r\n\r\nMidJourney V5 будет предлагать юзерам два изображения во время предварительной стадии, после чего требуется выбрать одно из них, определить понравившийся стиль и двигаться дальше. Создатели хорошо поработали над генерацией лица, глаз, пальцев и остальных конечностей, что было проблемой в остальных версиях нейросети.\r\n\r\nРанее pepelac.news писал, что Индия подготовила новые правила к мобильникам иностранного производства.', '2023-03-16 11:19:02', '2023-03-16 11:19:02'),
(66, 'Прошел запуск обновленной нейросети MidJourney V5', '16 марта прошел запуск следующей версии известной нейросети Midjourney. Стало известно, что нейросеть получила наименование MidJourney V5 и уже открыта для испытания. Создатели нейросети сообщили, что MidJourney V5 обладает «гораздо более высоким качеством картинки, более разнообразными выходными данными, широким стилистическим диапазоном и поддерживает бесшовные текстуры».\r\n', '2023-03-16 11:19:02', '2023-03-16 11:19:02'),
(67, 'Прошел запуск обновленной нейросети MidJourney V5', '16 марта прошел запуск следующей версии известной нейросети Midjourney. Стало известно, что нейросеть получила наименование MidJourney V5 и уже открыта для испытания. Создатели нейросети сообщили, что MidJourney V5 обладает «гораздо более высоким качеством картинки, более разнообразными выходными данными, широким стилистическим диапазоном и поддерживает бесшовные текстуры».\r\n\r\nMidJourney V5 будет предлагать юзерам два изображения во время предварительной стадии, после чего требуется выбрать одно из них, определить понравившийся стиль и двигаться дальше. Создатели хорошо поработали над генерацией лица, глаз, пальцев и остальных конечностей, что было проблемой в остальных версиях нейросети.\r\n\r\nРанее pepelac.news писал, что Индия подготовила новые правила к мобильникам иностранного производства.', '2023-03-16 11:19:02', '2023-03-16 11:19:02'),
(68, 'Прошел запуск обновленной нейросети MidJourney V5', '16 марта прошел запуск следующей версии известной нейросети Midjourney. Стало известно, что нейросеть получила наименование MidJourney V5 и уже открыта для испытания. Создатели нейросети сообщили, что MidJourney V5 обладает «гораздо более высоким качеством картинки, более разнообразными выходными данными, широким стилистическим диапазоном и поддерживает бесшовные текстуры».\r\n', '2023-03-16 11:19:02', '2023-03-16 11:19:02'),
(69, 'Прошел запуск обновленной нейросети MidJourney V5', '16 марта прошел запуск следующей версии известной нейросети Midjourney. Стало известно, что нейросеть получила наименование MidJourney V5 и уже открыта для испытания. Создатели нейросети сообщили, что MidJourney V5 обладает «гораздо более высоким качеством картинки, более разнообразными выходными данными, широким стилистическим диапазоном и поддерживает бесшовные текстуры».\r\n\r\nMidJourney V5 будет предлагать юзерам два изображения во время предварительной стадии, после чего требуется выбрать одно из них, определить понравившийся стиль и двигаться дальше. Создатели хорошо поработали над генерацией лица, глаз, пальцев и остальных конечностей, что было проблемой в остальных версиях нейросети.\r\n\r\nРанее pepelac.news писал, что Индия подготовила новые правила к мобильникам иностранного производства.', '2023-03-16 11:19:02', '2023-03-16 11:19:02'),
(70, 'Прошел запуск обновленной нейросети MidJourney V5', '16 марта прошел запуск следующей версии известной нейросети Midjourney. Стало известно, что нейросеть получила наименование MidJourney V5 и уже открыта для испытания. Создатели нейросети сообщили, что MidJourney V5 обладает «гораздо более высоким качеством картинки, более разнообразными выходными данными, широким стилистическим диапазоном и поддерживает бесшовные текстуры».\r\n', '2023-03-16 11:19:02', '2023-03-16 11:19:02');
INSERT INTO `posts` (`id`, `title`, `content`, `created_at`, `updated_at`) VALUES
(71, 'Прошел запуск обновленной нейросети MidJourney V5', '16 марта прошел запуск следующей версии известной нейросети Midjourney. Стало известно, что нейросеть получила наименование MidJourney V5 и уже открыта для испытания. Создатели нейросети сообщили, что MidJourney V5 обладает «гораздо более высоким качеством картинки, более разнообразными выходными данными, широким стилистическим диапазоном и поддерживает бесшовные текстуры».\r\n\r\nMidJourney V5 будет предлагать юзерам два изображения во время предварительной стадии, после чего требуется выбрать одно из них, определить понравившийся стиль и двигаться дальше. Создатели хорошо поработали над генерацией лица, глаз, пальцев и остальных конечностей, что было проблемой в остальных версиях нейросети.\r\n\r\nРанее pepelac.news писал, что Индия подготовила новые правила к мобильникам иностранного производства.', '2023-03-16 11:19:02', '2023-03-16 11:19:02'),
(72, 'Прошел запуск обновленной нейросети MidJourney V5', '16 марта прошел запуск следующей версии известной нейросети Midjourney. Стало известно, что нейросеть получила наименование MidJourney V5 и уже открыта для испытания. Создатели нейросети сообщили, что MidJourney V5 обладает «гораздо более высоким качеством картинки, более разнообразными выходными данными, широким стилистическим диапазоном и поддерживает бесшовные текстуры».\r\n', '2023-03-16 11:19:02', '2023-03-16 11:19:02'),
(73, 'Прошел запуск обновленной нейросети MidJourney V5', '16 марта прошел запуск следующей версии известной нейросети Midjourney. Стало известно, что нейросеть получила наименование MidJourney V5 и уже открыта для испытания. Создатели нейросети сообщили, что MidJourney V5 обладает «гораздо более высоким качеством картинки, более разнообразными выходными данными, широким стилистическим диапазоном и поддерживает бесшовные текстуры».\r\n\r\nMidJourney V5 будет предлагать юзерам два изображения во время предварительной стадии, после чего требуется выбрать одно из них, определить понравившийся стиль и двигаться дальше. Создатели хорошо поработали над генерацией лица, глаз, пальцев и остальных конечностей, что было проблемой в остальных версиях нейросети.\r\n\r\nРанее pepelac.news писал, что Индия подготовила новые правила к мобильникам иностранного производства.', '2023-03-16 11:19:02', '2023-03-16 11:19:02'),
(74, 'Прошел запуск обновленной нейросети MidJourney V5', '16 марта прошел запуск следующей версии известной нейросети Midjourney. Стало известно, что нейросеть получила наименование MidJourney V5 и уже открыта для испытания. Создатели нейросети сообщили, что MidJourney V5 обладает «гораздо более высоким качеством картинки, более разнообразными выходными данными, широким стилистическим диапазоном и поддерживает бесшовные текстуры».\r\n', '2023-03-16 11:19:02', '2023-03-16 11:19:02'),
(75, 'Прошел запуск обновленной нейросети MidJourney V5', '16 марта прошел запуск следующей версии известной нейросети Midjourney. Стало известно, что нейросеть получила наименование MidJourney V5 и уже открыта для испытания. Создатели нейросети сообщили, что MidJourney V5 обладает «гораздо более высоким качеством картинки, более разнообразными выходными данными, широким стилистическим диапазоном и поддерживает бесшовные текстуры».\r\n\r\nMidJourney V5 будет предлагать юзерам два изображения во время предварительной стадии, после чего требуется выбрать одно из них, определить понравившийся стиль и двигаться дальше. Создатели хорошо поработали над генерацией лица, глаз, пальцев и остальных конечностей, что было проблемой в остальных версиях нейросети.\r\n\r\nРанее pepelac.news писал, что Индия подготовила новые правила к мобильникам иностранного производства.', '2023-03-16 11:19:02', '2023-03-16 11:19:02'),
(76, 'Прошел запуск обновленной нейросети MidJourney V5', '16 марта прошел запуск следующей версии известной нейросети Midjourney. Стало известно, что нейросеть получила наименование MidJourney V5 и уже открыта для испытания. Создатели нейросети сообщили, что MidJourney V5 обладает «гораздо более высоким качеством картинки, более разнообразными выходными данными, широким стилистическим диапазоном и поддерживает бесшовные текстуры».\r\n', '2023-03-16 11:19:02', '2023-03-16 11:19:02'),
(77, 'Прошел запуск обновленной нейросети MidJourney V5', '16 марта прошел запуск следующей версии известной нейросети Midjourney. Стало известно, что нейросеть получила наименование MidJourney V5 и уже открыта для испытания. Создатели нейросети сообщили, что MidJourney V5 обладает «гораздо более высоким качеством картинки, более разнообразными выходными данными, широким стилистическим диапазоном и поддерживает бесшовные текстуры».\r\n\r\nMidJourney V5 будет предлагать юзерам два изображения во время предварительной стадии, после чего требуется выбрать одно из них, определить понравившийся стиль и двигаться дальше. Создатели хорошо поработали над генерацией лица, глаз, пальцев и остальных конечностей, что было проблемой в остальных версиях нейросети.\r\n\r\nРанее pepelac.news писал, что Индия подготовила новые правила к мобильникам иностранного производства.', '2023-03-16 11:19:02', '2023-03-16 11:19:02'),
(78, 'Прошел запуск обновленной нейросети MidJourney V5', '16 марта прошел запуск следующей версии известной нейросети Midjourney. Стало известно, что нейросеть получила наименование MidJourney V5 и уже открыта для испытания. Создатели нейросети сообщили, что MidJourney V5 обладает «гораздо более высоким качеством картинки, более разнообразными выходными данными, широким стилистическим диапазоном и поддерживает бесшовные текстуры».\r\n', '2023-03-16 11:19:02', '2023-03-16 11:19:02'),
(79, 'Прошел запуск обновленной нейросети MidJourney V5', '16 марта прошел запуск следующей версии известной нейросети Midjourney. Стало известно, что нейросеть получила наименование MidJourney V5 и уже открыта для испытания. Создатели нейросети сообщили, что MidJourney V5 обладает «гораздо более высоким качеством картинки, более разнообразными выходными данными, широким стилистическим диапазоном и поддерживает бесшовные текстуры».\r\n\r\nMidJourney V5 будет предлагать юзерам два изображения во время предварительной стадии, после чего требуется выбрать одно из них, определить понравившийся стиль и двигаться дальше. Создатели хорошо поработали над генерацией лица, глаз, пальцев и остальных конечностей, что было проблемой в остальных версиях нейросети.\r\n\r\nРанее pepelac.news писал, что Индия подготовила новые правила к мобильникам иностранного производства.', '2023-03-16 11:19:02', '2023-03-16 11:19:02'),
(80, 'Прошел запуск обновленной нейросети MidJourney V5', '16 марта прошел запуск следующей версии известной нейросети Midjourney. Стало известно, что нейросеть получила наименование MidJourney V5 и уже открыта для испытания. Создатели нейросети сообщили, что MidJourney V5 обладает «гораздо более высоким качеством картинки, более разнообразными выходными данными, широким стилистическим диапазоном и поддерживает бесшовные текстуры».\r\n', '2023-03-16 11:19:02', '2023-03-16 11:19:02'),
(81, 'Прошел запуск обновленной нейросети MidJourney V5', '16 марта прошел запуск следующей версии известной нейросети Midjourney. Стало известно, что нейросеть получила наименование MidJourney V5 и уже открыта для испытания. Создатели нейросети сообщили, что MidJourney V5 обладает «гораздо более высоким качеством картинки, более разнообразными выходными данными, широким стилистическим диапазоном и поддерживает бесшовные текстуры».\r\n\r\nMidJourney V5 будет предлагать юзерам два изображения во время предварительной стадии, после чего требуется выбрать одно из них, определить понравившийся стиль и двигаться дальше. Создатели хорошо поработали над генерацией лица, глаз, пальцев и остальных конечностей, что было проблемой в остальных версиях нейросети.\r\n\r\nРанее pepelac.news писал, что Индия подготовила новые правила к мобильникам иностранного производства.', '2023-03-16 11:19:02', '2023-03-16 11:19:02'),
(82, 'Прошел запуск обновленной нейросети MidJourney V5', '16 марта прошел запуск следующей версии известной нейросети Midjourney. Стало известно, что нейросеть получила наименование MidJourney V5 и уже открыта для испытания. Создатели нейросети сообщили, что MidJourney V5 обладает «гораздо более высоким качеством картинки, более разнообразными выходными данными, широким стилистическим диапазоном и поддерживает бесшовные текстуры».\r\n', '2023-03-16 11:19:02', '2023-03-16 11:19:02'),
(83, 'Прошел запуск обновленной нейросети MidJourney V5', '16 марта прошел запуск следующей версии известной нейросети Midjourney. Стало известно, что нейросеть получила наименование MidJourney V5 и уже открыта для испытания. Создатели нейросети сообщили, что MidJourney V5 обладает «гораздо более высоким качеством картинки, более разнообразными выходными данными, широким стилистическим диапазоном и поддерживает бесшовные текстуры».\r\n\r\nMidJourney V5 будет предлагать юзерам два изображения во время предварительной стадии, после чего требуется выбрать одно из них, определить понравившийся стиль и двигаться дальше. Создатели хорошо поработали над генерацией лица, глаз, пальцев и остальных конечностей, что было проблемой в остальных версиях нейросети.\r\n\r\nРанее pepelac.news писал, что Индия подготовила новые правила к мобильникам иностранного производства.', '2023-03-16 11:19:02', '2023-03-16 11:19:02'),
(84, 'Прошел запуск обновленной нейросети MidJourney V5', '16 марта прошел запуск следующей версии известной нейросети Midjourney. Стало известно, что нейросеть получила наименование MidJourney V5 и уже открыта для испытания. Создатели нейросети сообщили, что MidJourney V5 обладает «гораздо более высоким качеством картинки, более разнообразными выходными данными, широким стилистическим диапазоном и поддерживает бесшовные текстуры».\r\n', '2023-03-16 11:19:02', '2023-03-16 11:19:02'),
(85, 'Прошел запуск обновленной нейросети MidJourney V5', '16 марта прошел запуск следующей версии известной нейросети Midjourney. Стало известно, что нейросеть получила наименование MidJourney V5 и уже открыта для испытания. Создатели нейросети сообщили, что MidJourney V5 обладает «гораздо более высоким качеством картинки, более разнообразными выходными данными, широким стилистическим диапазоном и поддерживает бесшовные текстуры».\r\n\r\nMidJourney V5 будет предлагать юзерам два изображения во время предварительной стадии, после чего требуется выбрать одно из них, определить понравившийся стиль и двигаться дальше. Создатели хорошо поработали над генерацией лица, глаз, пальцев и остальных конечностей, что было проблемой в остальных версиях нейросети.\r\n\r\nРанее pepelac.news писал, что Индия подготовила новые правила к мобильникам иностранного производства.', '2023-03-16 11:19:02', '2023-03-16 11:19:02'),
(86, 'Прошел запуск обновленной нейросети MidJourney V5', '16 марта прошел запуск следующей версии известной нейросети Midjourney. Стало известно, что нейросеть получила наименование MidJourney V5 и уже открыта для испытания. Создатели нейросети сообщили, что MidJourney V5 обладает «гораздо более высоким качеством картинки, более разнообразными выходными данными, широким стилистическим диапазоном и поддерживает бесшовные текстуры».\r\n', '2023-03-16 11:19:02', '2023-03-16 11:19:02'),
(87, 'Прошел запуск обновленной нейросети MidJourney V5', '16 марта прошел запуск следующей версии известной нейросети Midjourney. Стало известно, что нейросеть получила наименование MidJourney V5 и уже открыта для испытания. Создатели нейросети сообщили, что MidJourney V5 обладает «гораздо более высоким качеством картинки, более разнообразными выходными данными, широким стилистическим диапазоном и поддерживает бесшовные текстуры».\r\n\r\nMidJourney V5 будет предлагать юзерам два изображения во время предварительной стадии, после чего требуется выбрать одно из них, определить понравившийся стиль и двигаться дальше. Создатели хорошо поработали над генерацией лица, глаз, пальцев и остальных конечностей, что было проблемой в остальных версиях нейросети.\r\n\r\nРанее pepelac.news писал, что Индия подготовила новые правила к мобильникам иностранного производства.', '2023-03-16 11:19:02', '2023-03-16 11:19:02'),
(88, 'Прошел запуск обновленной нейросети MidJourney V5', '16 марта прошел запуск следующей версии известной нейросети Midjourney. Стало известно, что нейросеть получила наименование MidJourney V5 и уже открыта для испытания. Создатели нейросети сообщили, что MidJourney V5 обладает «гораздо более высоким качеством картинки, более разнообразными выходными данными, широким стилистическим диапазоном и поддерживает бесшовные текстуры».\r\n', '2023-03-16 11:19:02', '2023-03-16 11:19:02'),
(89, 'Прошел запуск обновленной нейросети MidJourney V5', '16 марта прошел запуск следующей версии известной нейросети Midjourney. Стало известно, что нейросеть получила наименование MidJourney V5 и уже открыта для испытания. Создатели нейросети сообщили, что MidJourney V5 обладает «гораздо более высоким качеством картинки, более разнообразными выходными данными, широким стилистическим диапазоном и поддерживает бесшовные текстуры».\r\n\r\nMidJourney V5 будет предлагать юзерам два изображения во время предварительной стадии, после чего требуется выбрать одно из них, определить понравившийся стиль и двигаться дальше. Создатели хорошо поработали над генерацией лица, глаз, пальцев и остальных конечностей, что было проблемой в остальных версиях нейросети.\r\n\r\nРанее pepelac.news писал, что Индия подготовила новые правила к мобильникам иностранного производства.', '2023-03-16 11:19:02', '2023-03-16 11:19:02'),
(90, 'Прошел запуск обновленной нейросети MidJourney V5', '16 марта прошел запуск следующей версии известной нейросети Midjourney. Стало известно, что нейросеть получила наименование MidJourney V5 и уже открыта для испытания. Создатели нейросети сообщили, что MidJourney V5 обладает «гораздо более высоким качеством картинки, более разнообразными выходными данными, широким стилистическим диапазоном и поддерживает бесшовные текстуры».\r\n', '2023-03-16 11:19:02', '2023-03-16 11:19:02'),
(91, 'Прошел запуск обновленной нейросети MidJourney V5', '16 марта прошел запуск следующей версии известной нейросети Midjourney. Стало известно, что нейросеть получила наименование MidJourney V5 и уже открыта для испытания. Создатели нейросети сообщили, что MidJourney V5 обладает «гораздо более высоким качеством картинки, более разнообразными выходными данными, широким стилистическим диапазоном и поддерживает бесшовные текстуры».\r\n\r\nMidJourney V5 будет предлагать юзерам два изображения во время предварительной стадии, после чего требуется выбрать одно из них, определить понравившийся стиль и двигаться дальше. Создатели хорошо поработали над генерацией лица, глаз, пальцев и остальных конечностей, что было проблемой в остальных версиях нейросети.\r\n\r\nРанее pepelac.news писал, что Индия подготовила новые правила к мобильникам иностранного производства.', '2023-03-16 11:19:02', '2023-03-16 11:19:02'),
(92, 'Прошел запуск обновленной нейросети MidJourney V5', '16 марта прошел запуск следующей версии известной нейросети Midjourney. Стало известно, что нейросеть получила наименование MidJourney V5 и уже открыта для испытания. Создатели нейросети сообщили, что MidJourney V5 обладает «гораздо более высоким качеством картинки, более разнообразными выходными данными, широким стилистическим диапазоном и поддерживает бесшовные текстуры».\r\n', '2023-03-16 11:19:02', '2023-03-16 11:19:02'),
(93, 'Прошел запуск обновленной нейросети MidJourney V5', '16 марта прошел запуск следующей версии известной нейросети Midjourney. Стало известно, что нейросеть получила наименование MidJourney V5 и уже открыта для испытания. Создатели нейросети сообщили, что MidJourney V5 обладает «гораздо более высоким качеством картинки, более разнообразными выходными данными, широким стилистическим диапазоном и поддерживает бесшовные текстуры».\r\n\r\nMidJourney V5 будет предлагать юзерам два изображения во время предварительной стадии, после чего требуется выбрать одно из них, определить понравившийся стиль и двигаться дальше. Создатели хорошо поработали над генерацией лица, глаз, пальцев и остальных конечностей, что было проблемой в остальных версиях нейросети.\r\n\r\nРанее pepelac.news писал, что Индия подготовила новые правила к мобильникам иностранного производства.', '2023-03-16 11:19:02', '2023-03-16 11:19:02'),
(94, 'Прошел запуск обновленной нейросети MidJourney V5', '16 марта прошел запуск следующей версии известной нейросети Midjourney. Стало известно, что нейросеть получила наименование MidJourney V5 и уже открыта для испытания. Создатели нейросети сообщили, что MidJourney V5 обладает «гораздо более высоким качеством картинки, более разнообразными выходными данными, широким стилистическим диапазоном и поддерживает бесшовные текстуры».\r\n', '2023-03-16 11:19:02', '2023-03-16 11:19:02'),
(95, 'Прошел запуск обновленной нейросети MidJourney V5', '16 марта прошел запуск следующей версии известной нейросети Midjourney. Стало известно, что нейросеть получила наименование MidJourney V5 и уже открыта для испытания. Создатели нейросети сообщили, что MidJourney V5 обладает «гораздо более высоким качеством картинки, более разнообразными выходными данными, широким стилистическим диапазоном и поддерживает бесшовные текстуры».\r\n\r\nMidJourney V5 будет предлагать юзерам два изображения во время предварительной стадии, после чего требуется выбрать одно из них, определить понравившийся стиль и двигаться дальше. Создатели хорошо поработали над генерацией лица, глаз, пальцев и остальных конечностей, что было проблемой в остальных версиях нейросети.\r\n\r\nРанее pepelac.news писал, что Индия подготовила новые правила к мобильникам иностранного производства.', '2023-03-16 11:19:02', '2023-03-16 11:19:02'),
(96, 'Прошел запуск обновленной нейросети MidJourney V5', '16 марта прошел запуск следующей версии известной нейросети Midjourney. Стало известно, что нейросеть получила наименование MidJourney V5 и уже открыта для испытания. Создатели нейросети сообщили, что MidJourney V5 обладает «гораздо более высоким качеством картинки, более разнообразными выходными данными, широким стилистическим диапазоном и поддерживает бесшовные текстуры».\r\n', '2023-03-16 11:19:02', '2023-03-16 11:19:02'),
(97, 'Прошел запуск обновленной нейросети MidJourney V5', '16 марта прошел запуск следующей версии известной нейросети Midjourney. Стало известно, что нейросеть получила наименование MidJourney V5 и уже открыта для испытания. Создатели нейросети сообщили, что MidJourney V5 обладает «гораздо более высоким качеством картинки, более разнообразными выходными данными, широким стилистическим диапазоном и поддерживает бесшовные текстуры».\r\n\r\nMidJourney V5 будет предлагать юзерам два изображения во время предварительной стадии, после чего требуется выбрать одно из них, определить понравившийся стиль и двигаться дальше. Создатели хорошо поработали над генерацией лица, глаз, пальцев и остальных конечностей, что было проблемой в остальных версиях нейросети.\r\n\r\nРанее pepelac.news писал, что Индия подготовила новые правила к мобильникам иностранного производства.', '2023-03-16 11:19:02', '2023-03-16 11:19:02'),
(98, 'Прошел запуск обновленной нейросети MidJourney V5', '16 марта прошел запуск следующей версии известной нейросети Midjourney. Стало известно, что нейросеть получила наименование MidJourney V5 и уже открыта для испытания. Создатели нейросети сообщили, что MidJourney V5 обладает «гораздо более высоким качеством картинки, более разнообразными выходными данными, широким стилистическим диапазоном и поддерживает бесшовные текстуры».\r\n', '2023-03-16 11:19:02', '2023-03-16 11:19:02'),
(99, 'Прошел запуск обновленной нейросети MidJourney V5', '16 марта прошел запуск следующей версии известной нейросети Midjourney. Стало известно, что нейросеть получила наименование MidJourney V5 и уже открыта для испытания. Создатели нейросети сообщили, что MidJourney V5 обладает «гораздо более высоким качеством картинки, более разнообразными выходными данными, широким стилистическим диапазоном и поддерживает бесшовные текстуры».\r\n\r\nMidJourney V5 будет предлагать юзерам два изображения во время предварительной стадии, после чего требуется выбрать одно из них, определить понравившийся стиль и двигаться дальше. Создатели хорошо поработали над генерацией лица, глаз, пальцев и остальных конечностей, что было проблемой в остальных версиях нейросети.\r\n\r\nРанее pepelac.news писал, что Индия подготовила новые правила к мобильникам иностранного производства.', '2023-03-16 11:19:02', '2023-03-16 11:19:02'),
(100, 'Прошел запуск обновленной нейросети MidJourney V5', '16 марта прошел запуск следующей версии известной нейросети Midjourney. Стало известно, что нейросеть получила наименование MidJourney V5 и уже открыта для испытания. Создатели нейросети сообщили, что MidJourney V5 обладает «гораздо более высоким качеством картинки, более разнообразными выходными данными, широким стилистическим диапазоном и поддерживает бесшовные текстуры».\r\n', '2023-03-16 11:19:02', '2023-03-16 11:19:02'),
(101, 'Прошел запуск обновленной нейросети MidJourney V5', '16 марта прошел запуск следующей версии известной нейросети Midjourney. Стало известно, что нейросеть получила наименование MidJourney V5 и уже открыта для испытания. Создатели нейросети сообщили, что MidJourney V5 обладает «гораздо более высоким качеством картинки, более разнообразными выходными данными, широким стилистическим диапазоном и поддерживает бесшовные текстуры».\r\n\r\nMidJourney V5 будет предлагать юзерам два изображения во время предварительной стадии, после чего требуется выбрать одно из них, определить понравившийся стиль и двигаться дальше. Создатели хорошо поработали над генерацией лица, глаз, пальцев и остальных конечностей, что было проблемой в остальных версиях нейросети.\r\n\r\nРанее pepelac.news писал, что Индия подготовила новые правила к мобильникам иностранного производства.', '2023-03-16 11:19:02', '2023-03-16 11:19:02'),
(102, 'Прошел запуск обновленной нейросети MidJourney V5', '16 марта прошел запуск следующей версии известной нейросети Midjourney. Стало известно, что нейросеть получила наименование MidJourney V5 и уже открыта для испытания. Создатели нейросети сообщили, что MidJourney V5 обладает «гораздо более высоким качеством картинки, более разнообразными выходными данными, широким стилистическим диапазоном и поддерживает бесшовные текстуры».\r\n', '2023-03-16 11:19:02', '2023-03-16 11:19:02'),
(103, 'Прошел запуск обновленной нейросети MidJourney V5', '16 марта прошел запуск следующей версии известной нейросети Midjourney. Стало известно, что нейросеть получила наименование MidJourney V5 и уже открыта для испытания. Создатели нейросети сообщили, что MidJourney V5 обладает «гораздо более высоким качеством картинки, более разнообразными выходными данными, широким стилистическим диапазоном и поддерживает бесшовные текстуры».\r\n\r\nMidJourney V5 будет предлагать юзерам два изображения во время предварительной стадии, после чего требуется выбрать одно из них, определить понравившийся стиль и двигаться дальше. Создатели хорошо поработали над генерацией лица, глаз, пальцев и остальных конечностей, что было проблемой в остальных версиях нейросети.\r\n\r\nРанее pepelac.news писал, что Индия подготовила новые правила к мобильникам иностранного производства.', '2023-03-16 11:19:02', '2023-03-16 11:19:02'),
(104, 'Прошел запуск обновленной нейросети MidJourney V5', '16 марта прошел запуск следующей версии известной нейросети Midjourney. Стало известно, что нейросеть получила наименование MidJourney V5 и уже открыта для испытания. Создатели нейросети сообщили, что MidJourney V5 обладает «гораздо более высоким качеством картинки, более разнообразными выходными данными, широким стилистическим диапазоном и поддерживает бесшовные текстуры».\r\n', '2023-03-16 11:19:02', '2023-03-16 11:19:02'),
(105, 'Прошел запуск обновленной нейросети MidJourney V5', '16 марта прошел запуск следующей версии известной нейросети Midjourney. Стало известно, что нейросеть получила наименование MidJourney V5 и уже открыта для испытания. Создатели нейросети сообщили, что MidJourney V5 обладает «гораздо более высоким качеством картинки, более разнообразными выходными данными, широким стилистическим диапазоном и поддерживает бесшовные текстуры».\r\n\r\nMidJourney V5 будет предлагать юзерам два изображения во время предварительной стадии, после чего требуется выбрать одно из них, определить понравившийся стиль и двигаться дальше. Создатели хорошо поработали над генерацией лица, глаз, пальцев и остальных конечностей, что было проблемой в остальных версиях нейросети.\r\n\r\nРанее pepelac.news писал, что Индия подготовила новые правила к мобильникам иностранного производства.', '2023-03-16 11:19:02', '2023-03-16 11:19:02'),
(106, 'Прошел запуск обновленной нейросети MidJourney V5', '16 марта прошел запуск следующей версии известной нейросети Midjourney. Стало известно, что нейросеть получила наименование MidJourney V5 и уже открыта для испытания. Создатели нейросети сообщили, что MidJourney V5 обладает «гораздо более высоким качеством картинки, более разнообразными выходными данными, широким стилистическим диапазоном и поддерживает бесшовные текстуры».\r\n', '2023-03-16 11:19:02', '2023-03-16 11:19:02'),
(107, 'Прошел запуск обновленной нейросети MidJourney V5', '16 марта прошел запуск следующей версии известной нейросети Midjourney. Стало известно, что нейросеть получила наименование MidJourney V5 и уже открыта для испытания. Создатели нейросети сообщили, что MidJourney V5 обладает «гораздо более высоким качеством картинки, более разнообразными выходными данными, широким стилистическим диапазоном и поддерживает бесшовные текстуры».\r\n\r\nMidJourney V5 будет предлагать юзерам два изображения во время предварительной стадии, после чего требуется выбрать одно из них, определить понравившийся стиль и двигаться дальше. Создатели хорошо поработали над генерацией лица, глаз, пальцев и остальных конечностей, что было проблемой в остальных версиях нейросети.\r\n\r\nРанее pepelac.news писал, что Индия подготовила новые правила к мобильникам иностранного производства.', '2023-03-16 11:19:02', '2023-03-16 11:19:02'),
(108, 'Прошел запуск обновленной нейросети MidJourney V5', '16 марта прошел запуск следующей версии известной нейросети Midjourney. Стало известно, что нейросеть получила наименование MidJourney V5 и уже открыта для испытания. Создатели нейросети сообщили, что MidJourney V5 обладает «гораздо более высоким качеством картинки, более разнообразными выходными данными, широким стилистическим диапазоном и поддерживает бесшовные текстуры».\r\n', '2023-03-16 11:19:02', '2023-03-16 11:19:02'),
(109, 'Прошел запуск обновленной нейросети MidJourney V5', '16 марта прошел запуск следующей версии известной нейросети Midjourney. Стало известно, что нейросеть получила наименование MidJourney V5 и уже открыта для испытания. Создатели нейросети сообщили, что MidJourney V5 обладает «гораздо более высоким качеством картинки, более разнообразными выходными данными, широким стилистическим диапазоном и поддерживает бесшовные текстуры».\r\n\r\nMidJourney V5 будет предлагать юзерам два изображения во время предварительной стадии, после чего требуется выбрать одно из них, определить понравившийся стиль и двигаться дальше. Создатели хорошо поработали над генерацией лица, глаз, пальцев и остальных конечностей, что было проблемой в остальных версиях нейросети.\r\n\r\nРанее pepelac.news писал, что Индия подготовила новые правила к мобильникам иностранного производства.', '2023-03-16 11:19:02', '2023-03-16 11:19:02'),
(110, 'Прошел запуск обновленной нейросети MidJourney V5', '16 марта прошел запуск следующей версии известной нейросети Midjourney. Стало известно, что нейросеть получила наименование MidJourney V5 и уже открыта для испытания. Создатели нейросети сообщили, что MidJourney V5 обладает «гораздо более высоким качеством картинки, более разнообразными выходными данными, широким стилистическим диапазоном и поддерживает бесшовные текстуры».\r\n', '2023-03-16 11:19:02', '2023-03-16 11:19:02'),
(111, 'Прошел запуск обновленной нейросети MidJourney V5', '16 марта прошел запуск следующей версии известной нейросети Midjourney. Стало известно, что нейросеть получила наименование MidJourney V5 и уже открыта для испытания. Создатели нейросети сообщили, что MidJourney V5 обладает «гораздо более высоким качеством картинки, более разнообразными выходными данными, широким стилистическим диапазоном и поддерживает бесшовные текстуры».\r\n\r\nMidJourney V5 будет предлагать юзерам два изображения во время предварительной стадии, после чего требуется выбрать одно из них, определить понравившийся стиль и двигаться дальше. Создатели хорошо поработали над генерацией лица, глаз, пальцев и остальных конечностей, что было проблемой в остальных версиях нейросети.\r\n\r\nРанее pepelac.news писал, что Индия подготовила новые правила к мобильникам иностранного производства.', '2023-03-16 11:19:02', '2023-03-16 11:19:02'),
(112, 'Прошел запуск обновленной нейросети MidJourney V5', '16 марта прошел запуск следующей версии известной нейросети Midjourney. Стало известно, что нейросеть получила наименование MidJourney V5 и уже открыта для испытания. Создатели нейросети сообщили, что MidJourney V5 обладает «гораздо более высоким качеством картинки, более разнообразными выходными данными, широким стилистическим диапазоном и поддерживает бесшовные текстуры».\r\n', '2023-03-16 11:19:02', '2023-03-16 11:19:02'),
(113, 'Прошел запуск обновленной нейросети MidJourney V5', '16 марта прошел запуск следующей версии известной нейросети Midjourney. Стало известно, что нейросеть получила наименование MidJourney V5 и уже открыта для испытания. Создатели нейросети сообщили, что MidJourney V5 обладает «гораздо более высоким качеством картинки, более разнообразными выходными данными, широким стилистическим диапазоном и поддерживает бесшовные текстуры».\r\n\r\nMidJourney V5 будет предлагать юзерам два изображения во время предварительной стадии, после чего требуется выбрать одно из них, определить понравившийся стиль и двигаться дальше. Создатели хорошо поработали над генерацией лица, глаз, пальцев и остальных конечностей, что было проблемой в остальных версиях нейросети.\r\n\r\nРанее pepelac.news писал, что Индия подготовила новые правила к мобильникам иностранного производства.', '2023-03-16 11:19:02', '2023-03-16 11:19:02'),
(114, 'Прошел запуск обновленной нейросети MidJourney V5', '16 марта прошел запуск следующей версии известной нейросети Midjourney. Стало известно, что нейросеть получила наименование MidJourney V5 и уже открыта для испытания. Создатели нейросети сообщили, что MidJourney V5 обладает «гораздо более высоким качеством картинки, более разнообразными выходными данными, широким стилистическим диапазоном и поддерживает бесшовные текстуры».\r\n', '2023-03-16 11:19:02', '2023-03-16 11:19:02'),
(115, 'Прошел запуск обновленной нейросети MidJourney V5', '16 марта прошел запуск следующей версии известной нейросети Midjourney. Стало известно, что нейросеть получила наименование MidJourney V5 и уже открыта для испытания. Создатели нейросети сообщили, что MidJourney V5 обладает «гораздо более высоким качеством картинки, более разнообразными выходными данными, широким стилистическим диапазоном и поддерживает бесшовные текстуры».\r\n\r\nMidJourney V5 будет предлагать юзерам два изображения во время предварительной стадии, после чего требуется выбрать одно из них, определить понравившийся стиль и двигаться дальше. Создатели хорошо поработали над генерацией лица, глаз, пальцев и остальных конечностей, что было проблемой в остальных версиях нейросети.\r\n\r\nРанее pepelac.news писал, что Индия подготовила новые правила к мобильникам иностранного производства.', '2023-03-16 11:19:02', '2023-03-16 11:19:02'),
(116, 'Прошел запуск обновленной нейросети MidJourney V5', '16 марта прошел запуск следующей версии известной нейросети Midjourney. Стало известно, что нейросеть получила наименование MidJourney V5 и уже открыта для испытания. Создатели нейросети сообщили, что MidJourney V5 обладает «гораздо более высоким качеством картинки, более разнообразными выходными данными, широким стилистическим диапазоном и поддерживает бесшовные текстуры».\r\n', '2023-03-16 11:19:02', '2023-03-16 11:19:02'),
(117, 'Прошел запуск обновленной нейросети MidJourney V5', '16 марта прошел запуск следующей версии известной нейросети Midjourney. Стало известно, что нейросеть получила наименование MidJourney V5 и уже открыта для испытания. Создатели нейросети сообщили, что MidJourney V5 обладает «гораздо более высоким качеством картинки, более разнообразными выходными данными, широким стилистическим диапазоном и поддерживает бесшовные текстуры».\r\n\r\nMidJourney V5 будет предлагать юзерам два изображения во время предварительной стадии, после чего требуется выбрать одно из них, определить понравившийся стиль и двигаться дальше. Создатели хорошо поработали над генерацией лица, глаз, пальцев и остальных конечностей, что было проблемой в остальных версиях нейросети.\r\n\r\nРанее pepelac.news писал, что Индия подготовила новые правила к мобильникам иностранного производства.', '2023-03-16 11:19:02', '2023-03-16 11:19:02'),
(118, 'Прошел запуск обновленной нейросети MidJourney V5', '16 марта прошел запуск следующей версии известной нейросети Midjourney. Стало известно, что нейросеть получила наименование MidJourney V5 и уже открыта для испытания. Создатели нейросети сообщили, что MidJourney V5 обладает «гораздо более высоким качеством картинки, более разнообразными выходными данными, широким стилистическим диапазоном и поддерживает бесшовные текстуры».\r\n', '2023-03-16 11:19:02', '2023-03-16 11:19:02'),
(119, 'Прошел запуск обновленной нейросети MidJourney V5', '16 марта прошел запуск следующей версии известной нейросети Midjourney. Стало известно, что нейросеть получила наименование MidJourney V5 и уже открыта для испытания. Создатели нейросети сообщили, что MidJourney V5 обладает «гораздо более высоким качеством картинки, более разнообразными выходными данными, широким стилистическим диапазоном и поддерживает бесшовные текстуры».\r\n\r\nMidJourney V5 будет предлагать юзерам два изображения во время предварительной стадии, после чего требуется выбрать одно из них, определить понравившийся стиль и двигаться дальше. Создатели хорошо поработали над генерацией лица, глаз, пальцев и остальных конечностей, что было проблемой в остальных версиях нейросети.\r\n\r\nРанее pepelac.news писал, что Индия подготовила новые правила к мобильникам иностранного производства.', '2023-03-16 11:19:02', '2023-03-16 11:19:02'),
(120, 'Прошел запуск обновленной нейросети MidJourney V5', '16 марта прошел запуск следующей версии известной нейросети Midjourney. Стало известно, что нейросеть получила наименование MidJourney V5 и уже открыта для испытания. Создатели нейросети сообщили, что MidJourney V5 обладает «гораздо более высоким качеством картинки, более разнообразными выходными данными, широким стилистическим диапазоном и поддерживает бесшовные текстуры».\r\n', '2023-03-16 11:19:02', '2023-03-16 11:19:02'),
(121, 'Прошел запуск обновленной нейросети MidJourney V5', '16 марта прошел запуск следующей версии известной нейросети Midjourney. Стало известно, что нейросеть получила наименование MidJourney V5 и уже открыта для испытания. Создатели нейросети сообщили, что MidJourney V5 обладает «гораздо более высоким качеством картинки, более разнообразными выходными данными, широким стилистическим диапазоном и поддерживает бесшовные текстуры».\r\n\r\nMidJourney V5 будет предлагать юзерам два изображения во время предварительной стадии, после чего требуется выбрать одно из них, определить понравившийся стиль и двигаться дальше. Создатели хорошо поработали над генерацией лица, глаз, пальцев и остальных конечностей, что было проблемой в остальных версиях нейросети.\r\n\r\nРанее pepelac.news писал, что Индия подготовила новые правила к мобильникам иностранного производства.', '2023-03-16 11:19:02', '2023-03-16 11:19:02'),
(122, 'Прошел запуск обновленной нейросети MidJourney V5', '16 марта прошел запуск следующей версии известной нейросети Midjourney. Стало известно, что нейросеть получила наименование MidJourney V5 и уже открыта для испытания. Создатели нейросети сообщили, что MidJourney V5 обладает «гораздо более высоким качеством картинки, более разнообразными выходными данными, широким стилистическим диапазоном и поддерживает бесшовные текстуры».\r\n', '2023-03-16 11:19:02', '2023-03-16 11:19:02'),
(123, 'Прошел запуск обновленной нейросети MidJourney V5', '16 марта прошел запуск следующей версии известной нейросети Midjourney. Стало известно, что нейросеть получила наименование MidJourney V5 и уже открыта для испытания. Создатели нейросети сообщили, что MidJourney V5 обладает «гораздо более высоким качеством картинки, более разнообразными выходными данными, широким стилистическим диапазоном и поддерживает бесшовные текстуры».\r\n\r\nMidJourney V5 будет предлагать юзерам два изображения во время предварительной стадии, после чего требуется выбрать одно из них, определить понравившийся стиль и двигаться дальше. Создатели хорошо поработали над генерацией лица, глаз, пальцев и остальных конечностей, что было проблемой в остальных версиях нейросети.\r\n\r\nРанее pepelac.news писал, что Индия подготовила новые правила к мобильникам иностранного производства.', '2023-03-16 11:19:02', '2023-03-16 11:19:02'),
(124, 'Прошел запуск обновленной нейросети MidJourney V5', '16 марта прошел запуск следующей версии известной нейросети Midjourney. Стало известно, что нейросеть получила наименование MidJourney V5 и уже открыта для испытания. Создатели нейросети сообщили, что MidJourney V5 обладает «гораздо более высоким качеством картинки, более разнообразными выходными данными, широким стилистическим диапазоном и поддерживает бесшовные текстуры».\r\n', '2023-03-16 11:19:02', '2023-03-16 11:19:02'),
(125, 'Прошел запуск обновленной нейросети MidJourney V5', '16 марта прошел запуск следующей версии известной нейросети Midjourney. Стало известно, что нейросеть получила наименование MidJourney V5 и уже открыта для испытания. Создатели нейросети сообщили, что MidJourney V5 обладает «гораздо более высоким качеством картинки, более разнообразными выходными данными, широким стилистическим диапазоном и поддерживает бесшовные текстуры».\r\n\r\nMidJourney V5 будет предлагать юзерам два изображения во время предварительной стадии, после чего требуется выбрать одно из них, определить понравившийся стиль и двигаться дальше. Создатели хорошо поработали над генерацией лица, глаз, пальцев и остальных конечностей, что было проблемой в остальных версиях нейросети.\r\n\r\nРанее pepelac.news писал, что Индия подготовила новые правила к мобильникам иностранного производства.', '2023-03-16 11:19:02', '2023-03-16 11:19:02'),
(126, 'Прошел запуск обновленной нейросети MidJourney V5', '16 марта прошел запуск следующей версии известной нейросети Midjourney. Стало известно, что нейросеть получила наименование MidJourney V5 и уже открыта для испытания. Создатели нейросети сообщили, что MidJourney V5 обладает «гораздо более высоким качеством картинки, более разнообразными выходными данными, широким стилистическим диапазоном и поддерживает бесшовные текстуры».\r\n', '2023-03-16 11:19:02', '2023-03-16 11:19:02'),
(127, 'Прошел запуск обновленной нейросети MidJourney V5', '16 марта прошел запуск следующей версии известной нейросети Midjourney. Стало известно, что нейросеть получила наименование MidJourney V5 и уже открыта для испытания. Создатели нейросети сообщили, что MidJourney V5 обладает «гораздо более высоким качеством картинки, более разнообразными выходными данными, широким стилистическим диапазоном и поддерживает бесшовные текстуры».\r\n\r\nMidJourney V5 будет предлагать юзерам два изображения во время предварительной стадии, после чего требуется выбрать одно из них, определить понравившийся стиль и двигаться дальше. Создатели хорошо поработали над генерацией лица, глаз, пальцев и остальных конечностей, что было проблемой в остальных версиях нейросети.\r\n\r\nРанее pepelac.news писал, что Индия подготовила новые правила к мобильникам иностранного производства.', '2023-03-16 11:19:02', '2023-03-16 11:19:02'),
(128, 'Прошел запуск обновленной нейросети MidJourney V5', '16 марта прошел запуск следующей версии известной нейросети Midjourney. Стало известно, что нейросеть получила наименование MidJourney V5 и уже открыта для испытания. Создатели нейросети сообщили, что MidJourney V5 обладает «гораздо более высоким качеством картинки, более разнообразными выходными данными, широким стилистическим диапазоном и поддерживает бесшовные текстуры».\r\n', '2023-03-16 11:19:02', '2023-03-16 11:19:02');

-- --------------------------------------------------------

--
-- Структура таблицы `post_ext_attributes`
--

CREATE TABLE `post_ext_attributes` (
  `id` bigint(20) UNSIGNED NOT NULL,
  `rubric` text NOT NULL,
  `post_id` bigint(20) UNSIGNED NOT NULL,
  `created_at` timestamp NULL DEFAULT NULL,
  `updated_at` timestamp NULL DEFAULT NULL
) ENGINE=InnoDB DEFAULT CHARSET=utf8mb4 COLLATE=utf8mb4_unicode_ci;

--
-- Дамп данных таблицы `post_ext_attributes`
--

INSERT INTO `post_ext_attributes` (`id`, `rubric`, `post_id`, `created_at`, `updated_at`) VALUES
(1, 'Спорт', 1, NULL, NULL),
(2, 'Праздник', 2, NULL, NULL),
(3, 'Спорт', 3, NULL, NULL),
(4, 'Праздник', 4, NULL, NULL),
(5, 'Спорт', 5, NULL, NULL),
(6, 'Праздник', 6, NULL, NULL),
(7, 'Спорт', 7, NULL, NULL),
(8, 'Праздник', 8, NULL, NULL),
(9, 'Спорт', 9, NULL, NULL),
(10, 'Праздник', 10, NULL, NULL),
(11, 'Спорт', 11, NULL, NULL),
(12, 'Праздник', 12, NULL, NULL),
(13, 'Спорт', 13, NULL, NULL),
(14, 'Праздник', 14, NULL, NULL),
(15, 'Спорт', 15, NULL, NULL),
(16, 'Праздник', 16, NULL, NULL),
(17, 'Спорт', 17, NULL, NULL),
(18, 'Праздник', 18, NULL, NULL),
(19, 'Спорт', 19, NULL, NULL),
(20, 'Праздник', 20, NULL, NULL),
(21, 'Спорт', 21, NULL, NULL),
(22, 'Праздник', 22, NULL, NULL),
(23, 'Спорт', 23, NULL, NULL),
(24, 'Праздник', 24, NULL, NULL),
(25, 'Спорт', 25, NULL, NULL),
(26, 'Праздник', 26, NULL, NULL),
(27, 'Спорт', 27, NULL, NULL),
(28, 'Праздник', 28, NULL, NULL),
(29, 'Спорт', 29, NULL, NULL),
(30, 'Праздник', 30, NULL, NULL),
(31, 'Спорт', 31, NULL, NULL),
(32, 'Праздник', 32, NULL, NULL),
(33, 'Праздник', 33, NULL, NULL),
(34, 'Спорт', 34, NULL, NULL),
(35, 'Праздник', 35, NULL, NULL),
(36, 'Спорт', 36, NULL, NULL),
(37, 'Праздник', 37, NULL, NULL),
(38, 'Спорт', 38, NULL, NULL),
(39, 'Праздник', 39, NULL, NULL),
(40, 'Спорт', 40, NULL, NULL),
(41, 'Спорт', 41, NULL, NULL),
(42, 'Праздник', 42, NULL, NULL),
(43, 'Спорт', 43, NULL, NULL),
(44, 'Праздник', 44, NULL, NULL),
(45, 'Спорт', 45, NULL, NULL),
(46, 'Праздник', 46, NULL, NULL),
(47, 'Спорт', 47, NULL, NULL),
(48, 'Праздник', 48, NULL, NULL),
(49, 'Спорт', 49, NULL, NULL),
(50, 'Праздник', 50, NULL, NULL),
(51, 'Спорт', 51, NULL, NULL),
(52, 'Праздник', 52, NULL, NULL),
(53, 'Спорт', 53, NULL, NULL),
(54, 'Праздник', 54, NULL, NULL),
(55, 'Спорт', 55, NULL, NULL),
(56, 'Спорт', 56, NULL, NULL),
(57, 'Праздник', 57, NULL, NULL),
(58, 'Спорт', 58, NULL, NULL),
(59, 'Праздник', 59, NULL, NULL),
(60, 'Спорт', 60, NULL, NULL),
(61, 'Праздник', 61, NULL, NULL),
(62, 'Спорт', 62, NULL, NULL),
(63, 'Праздник', 63, NULL, NULL),
(64, 'Спорт', 64, NULL, NULL),
(65, 'Праздник', 65, NULL, NULL),
(66, 'Спорт', 66, NULL, NULL),
(67, 'Праздник', 67, NULL, NULL),
(68, 'Спорт', 68, NULL, NULL),
(69, 'Праздник', 69, NULL, NULL),
(70, 'Спорт', 70, NULL, NULL),
(71, 'Праздник', 71, NULL, NULL),
(72, 'Спорт', 72, NULL, NULL),
(73, 'Праздник', 73, NULL, NULL),
(74, 'Спорт', 74, NULL, NULL),
(75, 'Спорт', 75, NULL, NULL),
(76, 'Праздник', 76, NULL, NULL),
(77, 'Спорт', 77, NULL, NULL),
(78, 'Праздник', 78, NULL, NULL),
(79, 'Спорт', 79, NULL, NULL),
(80, 'Праздник', 80, NULL, NULL),
(81, 'Спорт', 81, NULL, NULL),
(82, 'Праздник', 82, NULL, NULL),
(83, 'Спорт', 83, NULL, NULL),
(84, 'Праздник', 84, NULL, NULL),
(85, 'Спорт', 85, NULL, NULL),
(86, 'Праздник', 86, NULL, NULL),
(87, 'Спорт', 87, NULL, NULL),
(88, 'Праздник', 88, NULL, NULL),
(89, 'Спорт', 89, NULL, NULL),
(90, 'Праздник', 90, NULL, NULL),
(91, 'Спорт', 91, NULL, NULL),
(92, 'Праздник', 92, NULL, NULL),
(93, 'Спорт', 93, NULL, NULL),
(94, 'Праздник', 94, NULL, NULL),
(95, 'Спорт', 95, NULL, NULL),
(96, 'Праздник', 96, NULL, NULL),
(97, 'Спорт', 97, NULL, NULL),
(98, 'Праздник', 98, NULL, NULL),
(99, 'Спорт', 99, NULL, NULL),
(100, 'Праздник', 100, NULL, NULL),
(101, 'Спорт', 101, NULL, NULL),
(102, 'Праздник', 102, NULL, NULL),
(103, 'Спорт', 103, NULL, NULL),
(104, 'Праздник', 104, NULL, NULL),
(105, 'Спорт', 105, NULL, NULL),
(106, 'Праздник', 106, NULL, NULL),
(107, 'Спорт', 107, NULL, NULL),
(108, 'Праздник', 108, NULL, NULL);

-- --------------------------------------------------------

--
-- Структура таблицы `users`
--

CREATE TABLE `users` (
  `id` bigint(20) UNSIGNED NOT NULL,
  `name` varchar(255) NOT NULL,
  `email` varchar(255) NOT NULL,
  `email_verified_at` timestamp NULL DEFAULT NULL,
  `password` varchar(255) NOT NULL,
  `remember_token` varchar(100) DEFAULT NULL,
  `created_at` timestamp NULL DEFAULT NULL,
  `updated_at` timestamp NULL DEFAULT NULL
) ENGINE=InnoDB DEFAULT CHARSET=utf8mb4 COLLATE=utf8mb4_unicode_ci;

--
-- Дамп данных таблицы `users`
--

INSERT INTO `users` (`id`, `name`, `email`, `email_verified_at`, `password`, `remember_token`, `created_at`, `updated_at`) VALUES
(1, 'admin', 'admin@whitewill.ru', NULL, '$2y$10$k13oBe76O9R.sVXPHobsKuAPIAITW7xeVvopo6lnrTLl4QOah1rEi', NULL, '2023-03-16 08:15:37', '2023-03-16 08:15:37');

--
-- Индексы сохранённых таблиц
--

--
-- Индексы таблицы `failed_jobs`
--
ALTER TABLE `failed_jobs`
  ADD PRIMARY KEY (`id`),
  ADD UNIQUE KEY `failed_jobs_uuid_unique` (`uuid`);

--
-- Индексы таблицы `migrations`
--
ALTER TABLE `migrations`
  ADD PRIMARY KEY (`id`);

--
-- Индексы таблицы `password_reset_tokens`
--
ALTER TABLE `password_reset_tokens`
  ADD PRIMARY KEY (`email`);

--
-- Индексы таблицы `personal_access_tokens`
--
ALTER TABLE `personal_access_tokens`
  ADD PRIMARY KEY (`id`),
  ADD UNIQUE KEY `personal_access_tokens_token_unique` (`token`),
  ADD KEY `personal_access_tokens_tokenable_type_tokenable_id_index` (`tokenable_type`,`tokenable_id`);

--
-- Индексы таблицы `posts`
--
ALTER TABLE `posts`
  ADD PRIMARY KEY (`id`);

--
-- Индексы таблицы `post_ext_attributes`
--
ALTER TABLE `post_ext_attributes`
  ADD PRIMARY KEY (`id`),
  ADD KEY `post_ext_attributes_post_id_foreign` (`post_id`);

--
-- Индексы таблицы `users`
--
ALTER TABLE `users`
  ADD PRIMARY KEY (`id`),
  ADD UNIQUE KEY `users_email_unique` (`email`);

--
-- AUTO_INCREMENT для сохранённых таблиц
--

--
-- AUTO_INCREMENT для таблицы `failed_jobs`
--
ALTER TABLE `failed_jobs`
  MODIFY `id` bigint(20) UNSIGNED NOT NULL AUTO_INCREMENT;

--
-- AUTO_INCREMENT для таблицы `migrations`
--
ALTER TABLE `migrations`
  MODIFY `id` int(10) UNSIGNED NOT NULL AUTO_INCREMENT, AUTO_INCREMENT=7;

--
-- AUTO_INCREMENT для таблицы `personal_access_tokens`
--
ALTER TABLE `personal_access_tokens`
  MODIFY `id` bigint(20) UNSIGNED NOT NULL AUTO_INCREMENT;

--
-- AUTO_INCREMENT для таблицы `posts`
--
ALTER TABLE `posts`
  MODIFY `id` bigint(20) UNSIGNED NOT NULL AUTO_INCREMENT, AUTO_INCREMENT=129;

--
-- AUTO_INCREMENT для таблицы `post_ext_attributes`
--
ALTER TABLE `post_ext_attributes`
  MODIFY `id` bigint(20) UNSIGNED NOT NULL AUTO_INCREMENT, AUTO_INCREMENT=109;

--
-- AUTO_INCREMENT для таблицы `users`
--
ALTER TABLE `users`
  MODIFY `id` bigint(20) UNSIGNED NOT NULL AUTO_INCREMENT, AUTO_INCREMENT=2;

--
-- Ограничения внешнего ключа сохраненных таблиц
--

--
-- Ограничения внешнего ключа таблицы `post_ext_attributes`
--
ALTER TABLE `post_ext_attributes`
  ADD CONSTRAINT `post_ext_attributes_post_id_foreign` FOREIGN KEY (`post_id`) REFERENCES `posts` (`id`) ON DELETE CASCADE;
COMMIT;

/*!40101 SET CHARACTER_SET_CLIENT=@OLD_CHARACTER_SET_CLIENT */;
/*!40101 SET CHARACTER_SET_RESULTS=@OLD_CHARACTER_SET_RESULTS */;
/*!40101 SET COLLATION_CONNECTION=@OLD_COLLATION_CONNECTION */;
